racket_name,manufacturer,head_size_in,head_size_cm,length_in,length_cm,weight_oz,weight_g,balance_in,balance_cm,balance_pts,swingweight,stiffness,beam_width_1,beam_width_2,beam_width_3,composition,power_level,stroke_style,swing_speed,grip_type,string_mains,string_crosses,stringing_instructions,racquet_colors,string_tension
"Babolat Drive 25"" Junior Racquet 2025",,100,645,25,63.5,8.1,230,,,,,,,,,Graphite Composite,,,,,16,17,17 Crosses,Blue,
"Babolat Drive 23"" Junior Racquet 2025",,98,630,23,58.42,7.6,215,,,,,,,,,Graphite Composite,,,,,16,17,17 Crosses,Blue,
"Babolat Ballfighter 17"" Junior Racquet",,62,400,17,42.18,,,,,,,,,,,Aluminum,,,,,,,,,
"Babolat Pure Drive 25"" Junior Racquet 2025",,98,632.26,25,63.50,8.5,240,,,,,,,,,Graphite,,,,,16,17,17 Crosses,Blue,
"Babolat Aero 25"" Junior Racquet",,100,645.16,25,63.50,7.9,225 g,,,,,,,,,Graphite Composite,,,,,16,17,17 Crosses,Yellow/Black,
"Babolat Nadal 26"" Junior Racquet 2023",,108,696.77,26,66.04,8.6,245 g,,,,,,,,,Aluminum,,,,,16,19,19 Crosses,,
"Babolat B Fly 25"" 2023 Junior Racquet",,106,683.87,25,63.50,7.8,220 g,,,,,,,,,Aluminum,,,,,16,19,19 Crosses,,
"Babolat Pure Drive 26"" Junior Racquet",,100,645.16,26,66.04,8.8,250 g,,,,,,,,,Graphite,,,,,16,19,19 Crosses,Blue,
"Babolat Pure Drive 25"" Junior Light Blue Racquet",,98,632.26,25,63.50,8.5,240 g,,,,,,,,,Graphite,,,,,16,17,17 Crosses,Light Blue,
"Babolat Pure Drive 26"" Junior Racquet 2025",,100,645.16,26,66.04,8.8,250,,,,,,,,,Graphite,,,,,16,19,19 Crosses,Blue,
"Babolat B Fly 19"" 2023 Junior Racquet",,81,522.58,19,48.26,,,,,,,,,,,Aluminium,,,,,,,,,
"Babolat Nadal 21"" Junior Racquet 2023",,85,548.38,21,53.34,,,,,,,,,,,Aluminium,,,,,,,,,
"Babolat B Fly 23"" 2023 Junior Racquet",,96,619.35,23,58.42,,,,,,,,,,,Aluminum,,,,,,,,,
"Babolat Aero 26"" Junior Racquet",,100,645.16,26,66.04,8.5,240 g,,,,,,,,,Graphite Composite,,,,,16,17,17 Crosses,Yellow/Black,
"Babolat Pure Aero 25"" 2023 Junior Racquet",,100,645.16,25,63.50,8.5,240 g,,,,,,,,,Graphite,,,,,16,19,19 Crosses,Yellow/Black,
"Babolat Nadal 23"" Junior Racquet 2023",,98,632.26,23,58.42,,,,,,,,,,,Aluminium,,,,,,,,,
"Babolat Nadal 25"" Junior Racquet 2023",,108,696.77,25,63.50,8.5,240g,,,,,,,,,Aluminium,,,,,16,17,17 Crosses,,
"Babolat B Fly 21"" 2023 Junior Racquet",,95,612.90,21,53.34,,,,,,,,,,,Aluminium,,,,,,,,,
Babolat Pure Aero Rafa Origin Racquet,,100  2,645.16  2,27,68.58,11.9,337,13.38,33.99,1,371,70,23,26,23,Graphite,Low-Medium,Medium-Full,Medium-Fast,Babolat Syntec Pro,16,19,"19 Crosses Mains skip: 8T,8H Two Pieces No Shared Holes",Pink/Yellow/Black,50-59 pounds
Babolat EVO Strike Racquet,,102,658.06,27,68.58,10.7,303,13,33.02,4,309,66,23,24.5,23,Graphite,Low-Medium,Medium-Full,Medium-Fast,Babolat Synthetic,16,19,"19 Crosses Mains skip: 8T,7H,9H Two Pieces No Shared Holes",White/Coral,50-55 pounds
Babolat Pure Drive 107 2025 Racquet,,107,690.32,27.2,69.09,10.6,301,12.99,32.99,5,307,69,23,26,23,Graphite,Medium,Medium,Medium,Babolat Syntec Pro,16,19,"19 Crosses Mains skip: 7T,9T,7H,9H Two Pieces No Shared Holes",Blue,44-53 pounds
Babolat EVO Drive Lite Racquet,,104,670.97,27,68.58,9.5,269,13,33.02,4,298,67,23,26,23,Graphite,Low-Medium,Medium-Full,Medium-Fast,Babolat Syntec Evo,16,17,"17 Crosses Mains skip: 7T,9T,7H,9H Two Pieces No Shared Holes",Blue,50-55 pounds
Babolat EVO Aero Pink Racquet,,102,658.06,27,68.58,10.2,289,12.99,32.99,4,301,60,23,26,23,Graphite,Low-Medium,Medium-Full,Medium-Fast,Babolat Syntec EVO,16,18,"18 Crosses Mains skip: 7T,9T,7H,9H One Piece No Shared Holes",White/Grey,50-55 pounds
Babolat Pure Drive 110 Racquet,,110,709.68,27.6,70.1,9.5,269,13.37,33.96,3,298,70,24,26.5,23.5,Graphite,Medium-High,Compact-Medium,Slow-Moderate,Babolat Syntec Lite,16,19,"19 Crosses Mains skip: 7T,9T,8H Two Pieces No Shared Holes",Blue,50-59 pounds
Babolat EVO Aero Lite Pink Racquet,,102,658.06,27,68.58,9.7,275,12.99,32.99,4,294,60,23,26,23,Graphite,Low-Medium,Medium-Full,Medium-Fast,Babolat Syntec EVO,16,18,"18 Crosses Mains skip: 7T,9T,7H,9H One Piece No Shared Holes",White/Pink/Grey,50-55 pounds
Babolat Pure Aero Rafa Racquet 2023,,100,645.16,27,68.58,10.7,303,13.38,33.99,1,323,69,23,26,23,Graphite,Low-Medium,Medium-Full,Medium-Fast,Babolat Syntec Pro,16,19,"19 Crosses Mains skip: 7T,9T,7H,9H Two Pieces No Shared Holes",Pink/Yellow/Black,50-59 pounds
Babolat Pure Drive Team 2025 Racquet,,100,645.16,27,68.58,10.6,301,12.85,32.64,5,308,69,23,26,23,Graphite,Low-Medium,Medium-Full,Medium-Fast,Babolat Syntec Pro,16,19,"19 Crosses Mains skip: 7T,9T,7H,9H Two Pieces No Shared Holes",Blue,44-53 pounds
Babolat Pure Drive 98 Racquet,,98,632.26,27,68.58,11.4,323,13.12,33.32,3,322,67,21,23,21,Graphite,Low-Medium,Medium-Full,Medium-Fast,Babolat Syntec Pro,16,19,"19 Crosses Mains skip: 7T,9T,7H,9H Two Pieces No Shared Holes",Blue,50-59 pounds
Babolat Pure Strike 98 16x19 Racquet 2024,,98,632.26,27,68.58,11.4,323,13,33.02,4,330,64,21,23,21,Graphite,Low-Medium,Medium-Full,Medium-Fast,Babolat Syntec Team,16,19,"19 Crosses Mains skip: 8T,8H One Piece No Shared Holes",White/Coral,48-57 pounds
Babolat Pure Drive 98 2-Pack 2025 Racquet,,98,632.26,27,68.58,11.4,323,13.18,33.48,3,323,69,21,23,21,Graphite,Low-Medium,Medium-Full,Medium-Fast,Babolat Syntec Pro,16,20,"20 Crosses Mains skip: 7T,9T,7H,9H Two Pieces No Shared Holes",Blue,46-55 pounds
Babolat EVO Aero Racquet,,102,658.06,27,68.58,10.2,289,12.99,32.99,4,301,60,23,26,23,Graphite,Low-Medium,Medium-Full,Medium-Fast,Babolat Syntec EVO,16,18,"18 Crosses Mains skip: 7T,9T,7H,9H One Piece No Shared Holes",White/Grey,50-55 pounds
Babolat Pure Drive Racquet,,100,645.16,27,68.58,11.2,318,12.99,32.99,4,320,71,23,26,23,Graphite,Low-Medium,Medium-Full,Medium-Fast,Babolat Syntec Pro,16,19,"19 Crosses Mains skip: 7T,9T,7H,9H Two Pieces No Shared Holes",Blue,50-59 pounds
Babolat Pure Drive Plus Racquet,,100,645.16,27.5,69.85,11.2,318,12.99,32.99,6,324,69,23,26,23,Graphite,Low-Medium,Medium-Full,Medium-Fast,Babolat Syntec Pro,16,19,"19 Crosses Mains skip: 7T,9T,7H,9H Two Pieces No Shared Holes",Blue,50-59 pounds
Babolat Pure Aero 98 2023 Racquet,,98,632.26,27,68.58,11.4,323,12.79,32.49,6,321,66,21,23,22,Graphite,Low-Medium,Medium-Full,Medium-Fast,Syntec Pro,16,20,"20 Crosses Mains skip: 7T,9T,7H,9H Two Pieces No Shared Holes",Black/Yellow,50-59 pounds
Babolat Pure Aero 98 2-Pack 2023 Racquets,,98,632.26,27,68.58,11.4,323,12.79,32.49,6,321,66,21,23,22,Graphite,Low-Medium,Medium-Full,Medium-Fast,Syntec Pro,16,20,"20 Crosses Mains skip: 7T,9T,7H,9H Two Pieces No Shared Holes",Black/Yellow,50-59 pounds
"Babolat Pure Drive 26"" Junior Light Blue Racquet",,100,645.16,26,66.04,8.8,250,,,,,,,,,Graphite,,,,,16,19,19 Crosses,Light Blue,
Babolat Pure Aero Plus 2023 Racquet,,100,645.16,27.5,69.85,11.3,320,12.99,32.99,6,334,65,23,26,23,Graphite,Low-Medium,Medium-Full,Medium-Fast,Babolat Syntec Pro,16,19,"19 Crosses Mains skip: 8T,8H Two Pieces No Shared Holes",Yellow/Black,50-59 pounds
Babolat Boost Rafa Racquet 2023,,102,658.06,27,68.58,9.8,278,13.75,34.93,2 pts HH,308,68,23,26,23,Graphite,Low-Medium,Medium-Full,Medium-Fast,Syntec Uptake,16,19,"19 Crosses Mains skip: 8T,8H One Piece No Shared Holes",Pink/Yellow/Black,50-55 pounds
Babolat Pure Strike 97 2-Pack Racquet 2024,,97,625.81,27,68.58,11.7,332,12.59,31.98,7,321,63,21,22,21,Graphite,Low-Medium,Medium-Full,Medium-Fast,LEATHER!,16,20,"20 Crosses Mains skip: 7T,9T,7H,9H One Piece No Shared Holes",White,48-57 pounds
Babolat Pure Aero Lite 2023 Racquet,,100,645.16,27,68.58,10,283,13.38,33.99,1,304,65,23,26,23,Graphite,Low-Medium,Medium-Full,Medium-Fast,Babolat Syntec Pro,16,19,"19 Crosses Mains skip: 7T,9T,7H,9H Two Pieces No Shared Holes","Yellow, Grey, White",50-59 pounds
Babolat Pure Drive Lite 2025 Racquet,,100,645.16,27,68.58,10,283,13.4,34.04,1,295,69,23,26,23,Graphite,Low-Medium,Medium-Full,Medium-Fast,Babolat Syntec Pro,16,19,"19 Crosses Mains skip: 7T,9T,7H,9H Two Pieces No Shared Holes",Blue,44-53 pounds
Babolat Pure Drive 30th Anniversary Racquet,,100,645.16,27,68.58,11.2,318,12.99,32.99,4,320,71,23,26,23,Graphite,Low-Medium,Medium-Full,Medium-Fast,Babolat Syntec Pro,16,19,"19 Crosses Mains skip: 7T,9T,7H,9H Two Pieces No Shared Holes",Blue,50-59 pounds
Babolat Pure Aero Team 2023 Racquet,,100,645.16,27,68.58,10.6,301,12.85,32.64,5,302,67,23,26,23,Graphite,Low-Medium,Medium-Full,Medium-Fast,Babolat Syntec Pro,16,19,"19 Crosses Mains skip: 7T,9T,7H,9H Two Pieces No Shared Holes",Yellow/Black,50-59 pounds
Babolat Boost Strike Racquet,,102,658.06,27,68.58,10.6,301,13.38,33.99,1,313,68,23,26,23,Graphite,Low-Medium,Medium-Full,Medium-Fast,Babolat Uptake,16,19,"19 Crosses Mains skip: 8T,8H One Piece No Shared Holes",Black/Red,50-55 pounds
Babolat Pure Strike 100 Racquet 2024,,100,645.16,27,68.58,11.2,318,12.99,32.99,4,324,63,21,23,21,Graphite,Low-Medium,Medium-Full,Medium-Fast,Babolat Syntec Team,16,19,"19 Crosses Mains skip: 7T,9T,7H,9H One Piece No Shared Holes",White/Coral,48-57 pounds
"Babolat Nadal 19"" Junior Racquet 2023",,82,529.03,19,48.26,,,,,,,,,,,Aluminium,,,,,,,,,
Babolat Pure Strike Team 3rd Gen Racquet,,100,645.16,27,68.58,10.7,303,13.38,33.99,1,309,69,21,23,21,Graphite,Low-Medium,Medium-Full,Medium-Fast,Babolat Syntec Team,16,19,"19 Crosses Mains skip: 7T,9T,7H,9H One Piece No Shared Holes",White/Coral,50-59 pounds
Babolat Boost Aero Racquet,,102,658.06,27,68.58,9.7,275,13.7,34.8,2 pts HH,309,65,23,26,23,Graphite,Low-Medium,Medium-Full,Medium-Fast,Babolat Uptake,16,19,"19 Crosses Mains skip: 8T,8H One Piece No Shared Holes",Black/Yellow,50-55 pounds
Babolat Pure Strike 100 16x20 Racquet 2024,,100,645.16,27,68.58,11.4,323,12.59,31.98,7,320,61,21,23,21,Graphite,Low-Medium,Medium-Full,Medium-Fast,Babolat Syntec,16,20,"20 Crosses Mains skip: 7T,9T,7H,9H One Piece No Shared Holes",White/Coral,48-57 pounds
"Babolat Pure Strike 26"" Junior Racquet 2024 3 7/8"" (#00",,100,645.16,26,66,8.8,250 g,,,,,,,,,Graphite,,,,,16,19,19 Crosses,White/Red,
Babolat Pure Drive 98 2025 Racquet,,98,632.26,27,68.58,11.4,323,13.18,33.48,3,326,69,21,23,21,Graphite,Low-Medium,Medium-Full,Medium-Fast,Babolat Syntec Pro,16,20,"20 Crosses Mains skip: 7T,9T,7H,9H Two Pieces No Shared Holes",Blue,46-55 pounds
Babolat Pure Strike 97 Racquet,,97,625.81,27,68.58,11.7,332,12.59,31.98,7,321,63,21,22,21,Graphite,Low-Medium,Medium-Full,Medium-Fast,LEATHER!,16,20,"20 Crosses Mains skip: 7T,9T,7H,9H One Piece No Shared Holes",White,48-57 pounds
Babolat Pure Drive 107 Racquet,,107,690.32,27.2,69.09,10.6,301,12.99,32.99,5,309,69,23,26,23,Graphite,Medium,Medium,Medium,Babolat Syntec Pro,16,19,"19 Crosses Mains skip: 7T,9T,7H,9H Two Pieces No Shared Holes",Blue,50-59 pounds
Babolat Pure Strike 98 18x20 Racquet 2024,,98,632.26,27,68.58,11.4,323,13,33.02,4,332,63,21,23,21,Graphite,Low,Full,Fast,Babolat Syntec Team,18,20,"20 Crosses Mains skip: 8T,10T,8H,10H One Piece No Shared Holes",White/Coral,48-57 pounds
Babolat Pure Drive Plus 2025 Racquet,,100,645.16,27.5,69.85,11.2,318,13,33.02,6,325,69,23,26,23,Graphite,Low-Medium,Medium-Full,Medium-Fast,Babolat Syntec Pro,16,19,"19 Crosses Mains skip: 7T,9T,7H,9H Two Pieces No Shared Holes",Blue,46-55 pounds
Babolat Pure Aero 2023 Racquet,,100,645.16,27,68.58,11.2,318,12.99,32.99,4,318,66,23,26,23,Graphite,Low-Medium,Medium-Full,Medium-Fast,Babolat Syntec Pro,16,19,"19 Crosses Mains skip: 8T,8H Two Pieces No Shared Holes",Yellow/Black,50-59 pounds
Babolat Pure Strike Team Racquet 2024,,100,645.16,27,68.58,10.7,303,13.38,33.99,1,307,64,21,23,21,Graphite,Low-Medium,Medium-Full,Medium-Fast,Babolat Syntec Team,16,19,"19 Crosses Mains skip: 7T,9T,7H,9H One Piece No Shared Holes",White/Coral,48-57 pounds
Babolat EVO Aero Lite Racquet,,102,658.06,27,68.58,9.7,275,12.99,32.99,4,294,60,23,26,23,Graphite,Low-Medium,Medium-Full,Medium-Fast,Babolat Syntec EVO,16,18,"18 Crosses Mains skip: 7T,9T,7H,9H One Piece No Shared Holes",White/Yellow/Grey,50-55 pounds
Babolat Boost Aero Pink Racquet,,102,658.06,27,68.58,9.7,275,13.7,34.8,2 pts HH,309,65,23,26,23,Graphite,Low-Medium,Medium-Full,Medium-Fast,Babolat Uptake,16,19,"19 Crosses Mains skip: 8T,8H One Piece No Shared Holes",Black/Pink,50-55 pounds
Babolat Pure Drive Team Wimbledon Racquet,,100,645.16,27,68.58,10.6,301,12.85,32.64,5,313,69,23,26,23,Graphite,Low-Medium,Medium-Full,Medium-Fast,Leather,16,19,"19 Crosses Mains skip: 7T,9T,7H,9H Two Pieces No Shared Holes",Wimbledon Cosmetic!,50-59 pounds
Babolat Pure Drive 2025 Racquet,,100,645.16,27,68.58,11.2,318,12.99,32.99,4,317,69,23,26,23,Graphite,Low-Medium,Medium-Full,Medium-Fast,Babolat Syntec Pro,16,19,"19 Crosses Mains skip: 7T,9T,7H,9H Two Pieces No Shared Holes",Blue,46-55 pounds
Babolat Pure Drive Team Racquet,,100,645.16,27,68.58,10.6,301,12.85,32.64,5,313,69,23,26,23,Graphite,Low-Medium,Medium-Full,Medium-Fast,Babolat Syntec Pro,16,19,"19 Crosses Mains skip: 7T,9T,7H,9H Two Pieces No Shared Holes",Blue,50-59 pounds
Babolat Pure Drive Lite Racquet,,100,645.16,27,68.58,10,283,13.4,34.04,1,299,69,23,26,23,Graphite,Low-Medium,Medium-Full,Medium-Fast,Babolat Syntec Pro,16,19,"19 Crosses Mains skip: 7T,9T,7H,9H Two Pieces No Shared Holes",Blue,50-59 pounds
"Wilson US Open 19"" Junior Racquet",,82,529.03,19,48.26,,,,,,,,,,,Aluminium,,,,,,,,Silver/Green,
Wilson Shift 99 Roland Garros Session Soiree Racquet,,99,638.71,27,68.58,11.2,318,12.75,32.39,6,317,67,23.5,23.5,23.5,Graphite,Low-Medium,Medium-Full,Medium-Fast,Wilson Pro Performance,16,20,"20 Crosses Mains skip: 7T,9T,7H,9H One Piece No Shared Holes",French Open Cosmetic!,48-58 pounds
Wilson Clash 100 Pro v3 Racquet,,100,645.16,27,68.58,11.4,323,12.59,31.98,7,327,57,24.5,24.5,24.5,Graphite,Low-Medium,Medium-Full,Medium-Fast,Wilson Pro Performance,16,20,"20 Crosses Mains skip: 7T,9T,7H,9H Two Pieces No Shared Holes",Black/Red,50-60 pounds
Wilson Pro Staff 97L v14 Racquet,,97,625.81,27,68.58,10.8,306,13.12,33.32,3,313,68,23.5,23.5,23.5,Graphite,Low-Medium,Medium-Full,Medium-Fast,Wilson Pro Performance,16,19,"19 Crosses Mains skip: 7T,9T,7H,9H Two Pieces No Shared Holes",Rust,50-60 pounds
Wilson Ultra 100UL v4 Racquet,,100,645.16,27,68.58,9.7,275,13.38,33.99,1,286,68,24,26.5,24.2,Carbon Fiber Graphite,Low-Medium,Medium-Full,Medium-Fast,Wilson Pro Performance,16,19,"19 Crosses Mains skip: 8T, 8H Two Pieces No Shared Holes",Blue/Purple,47-57 pounds
Wilson Clash 100UL v2 Racquet,,100,645.16,27,68.58,9.9,281,13.38,33.99,1,300,63,24.5,24.5,24.5,Graphite,Low-Medium,Medium-Full,Medium-Fast,Wilson Pro Performance,16,19,"19 Crosses Mains skip: 7T,9T,7H,9H Two Pieces No Shared Holes",Red,50-60 pounds
Wilson Clash 100L v2 Racquet,,100,645.16,27,68.58,10.4,295,12.79,32.49,6,303,55,24.5,24.5,24.5,Graphite,Low-Medium,Medium-Full,Medium-Fast,Wilson Pro Performance,16,19,"19 Crosses Mains skip: 7T,9T,7H,9H Two Pieces No Shared Holes",Red,50-60 pounds
Wilson Burn 100ULS v5 Racquet,,100,645.16,27,68.58,9.7,275,13.37,33.96,1,301,67,23.5,25,23.5,Carbon Fiber Graphite,Low-Medium,Medium-Full,Medium-Fast,Wilson Pro Performance,18,16,"16 Crosses Mains skip: 9T,8H,10H Two Pieces Shared: 7T,8T",Orange,50-60 pounds
Wilson Blade 100 v9 Racquet,,100,645.16,27,68.58,11.2,318,13,33.02,4,322,60,22,22,22,Graphite,Low-Medium,Medium-Full,Medium-Fast,Wilson Pro Performance,16,19,"19 Crosses Mains skip: 8T,8H One Piece No Shared Holes",Green,50-60 pounds
Wilson Blade Pro 98 16x19 v9 Racquet,,98,632.26,27,68.58,11.4,323,13.18,33.48,3,337,61,21.5,21.5,21.5,Graphite,Low,Full,Fast,Wilson Pro Performance,16,19,"19 Crosses Mains skip: 7T,9T,7H,9H One Piece No Shared Holes",Green,50-60 pounds
Wilson Clash 100 Pro v2 Racquet,,100,645.16,27,68.58,11.5,326,12.4,31.5,9,325,59,24.5,24.5,24.5,Graphite,Low-Medium,Medium-Full,Medium-Fast,Wilson Pro Performance,16,20,"20 Crosses Mains skip: 7T,9T,7H,9H Two Pieces No Shared Holes",Red,50-60 pounds
Wilson Burn 100S v5 Racquet,,100,645.16,27,68.58,11.3,320,13.35,33.91,1,325,73,23.5,25,23.5,Carbon Fiber Graphite,Low-Medium,Medium-Full,Medium-Fast,Wilson Pro Performance,18,16,"16 Crosses Mains skip: 9T,8H,10H Two Pieces Shared: 7T,8T",Orange,50-60 pounds
Wilson Burn 100LS v5 Racquet,,100,645.16,27,68.58,10.5,298,13.12,33.32,3,313,72,23.5,25,23.5,Carbon Fiber Graphite,Low-Medium,Medium-Full,Medium-Fast,Wilson Pro Performance,18,16,"16 Crosses Mains skip: 9T,8H,10H Two Pieces Shared: 7T,8T",Orange,50-60 pounds
"Wilson Blade 25"" v9 Junior Racquet",,100,645.16,25,63.5,8.64,245 g,,,,,,,,,Graphite,,,,,16,19,19 Crosses,Green,
Wilson Clash 100 v2 Racquet,,100,645.16,27,68.58,11,312,12.59,31.98,7,313,57,24.5,24.5,24.5,Graphite,Low-Medium,Medium-Full,Medium-Fast,Wilson Pro Performance,16,19,"19 Crosses Mains skip: 7T,9T,7H,9H Two Pieces No Shared Holes",Red,50-60 pounds
Wilson Clash 108 v3 Racquet,,108,696.77,27.25,69.22,10.4,295,13.5,34.29,1,312,58,24.5,24.5,24.5,Graphite,Medium,Medium,Medium,Wilson Pro Performance,16,19,"19 Crosses Mains skip: 7T,9T,7H,9H Two Pieces No Shared Holes",Black/Red,50-60 pounds
Wilson Ultra 100L v4 Racquet,,100,645.16,27,68.58,10.4,295,13,33.02,4,299,64,24,26.5,24.2,Carbon Fiber Graphite,Low-Medium,Medium-Full,Medium-Fast,Wilson Pro Performance,16,19,"19 Crosses Mains skip: 8T, 8H Two Pieces No Shared Holes",Blue/Purple,50-60 pounds
Wilson Shift 99 Racquet,,99,638.71,27,68.58,11.2,318,12.75,32.39,6,317,67,23.5,23.5,23.5,Graphite,Low-Medium,Medium-Full,Medium-Fast,Wilson Pro Performance,16,20,"20 Crosses Mains skip: 7T,9T,7H,9H One Piece No Shared Holes",White,48-58 pounds
Wilson Blade 98 16x19 v9 Roland Garros Racquet,,98,632.26,27,68.58,11.4,323,13,33.02,4,324,62,21,21,21,Basalt/Braided Graphite,Low-Medium,Medium-Full,Medium-Fast,Wilson Pro Performance,16,19,"19 Crosses Mains skip: 8T,8H One Piece No Shared Holes",French Open Cosmetic!,50-60 pounds
Wilson Pro Staff Six.One 100 v14 Racquet,,100,645.16,27,68.58,11.4,323,12.79,32.49,6,326,65,22.5,22.5,22.5,Braided Graphite,Low-Medium,Medium-Full,Medium-Fast,Wilson Pro Performance,16,19,"19 Crosses Mains skip: 8T,7H,9H Two Pieces No Shared Holes",Rust,50-60 pounds
"Wilson US Open 25"" Junior Racquet",,106,683.87,25,63.50,7.8,220 g,,,,,,,,,Aluminum,,,,,16,19,19 Crosses,Blue/Yellow/Gray,
Wilson Pro Staff Six.One 95 v14 Racquet,,95,612.9,27,68.58,12.3,349,12.4,31.5,9,325,64,21.5,21.5,21.5,Graphite,Low,Full,Fast,Wilson Pro Performance,18,20,20 Crosses Mains skip: 8T 10T 8H 10H Two Pieces No Shared Holes,Rust,50-60 pounds
Wilson Clash 100 v3 Racquet,,100,645.16,27,68.58,11,312,12.59,31.98,7,308,54,24.5,24.5,24.5,Graphite,Low-Medium,Medium-Full,Medium-Fast,Wilson Pro Performance,16,19,"19 Crosses Mains skip: 7T,9T,7H,9H Two Pieces No Shared Holes",Black/Red,50-60 pounds
Wilson Hyper Hammer 5.3 Stretch OS Racquet,,110,709.68,27.5,69.85,9,255,14.8,37.59,8 pts HH,301,70,28,25,25,15% Hyper Carbon / 85% Graphite,Medium,Medium,Medium,Cushion Aire Conform Grip,16,20,"20 Crosses Mains skip: 7T,9T,7H,9H One Piece No Shared Holes",Black & White w/ Gold highlights,55-65 pounds
"Wilson Blade 26"" v9 Junior Racquet",,100,645.16,26,66.04,8.9,252 g,,,,,,,,,Graphite,,,,,16,19,19 Crosses,Green,
Wilson Blade 100UL v9 Racquet,,100,645.16,27,68.58,10,283,13.38,33.99,1,304,65,22,22,22,Graphite,Low-Medium,Medium-Full,Medium-Fast,Wilson Pro Performance,16,19,"19 Crosses Mains skip: 8T,8H One Piece No Shared Holes",Green,50-60 pounds
Wilson Ultra 100 v4 Racquet,,100,645.16,27,68.58,11.2,318,13,33.02,4,317,70,24,26.5,25,Carbon Fiber Graphite,Low-Medium,Medium-Full,Medium-Fast,Wilson Pro Performance,16,19,"19 Crosses Mains skip: 8T, 8H Two Pieces No Shared Holes",Blue,50-60 pounds
Wilson Clash 100 v3 Roland Garros Racquet,,100,645.16,27,68.58,11,312,12.59,31.98,7,311,54,24.5,24.5,24.5,Graphite,Low-Medium,Medium-Full,Medium-Fast,Wilson Pro Performance,16,19,"19 Crosses Mains skip: 7T,9T,7H,9H Two Pieces No Shared Holes",French Open Cosmetic!,50-60 pounds
Wilson Ultra Pro 18x20 v4 Racquet,,97,625.81,27,68.58,11.4,323,12.76,32.41,6,319,62,20.6,20.6,20.6,Graphite,Low,Full,Fast,Wilson Pro Performance,18,20,"20 Crosses Mains skip: 9T,8H,10H One Piece No Shared Holes",Blue,50-60 pounds
Wilson Burn 100 v5 Racquet,,100,645.16,27,68.58,11.2,318,13,33.02,4,320,72,23.5,25,23.5,Carbon Fiber Graphite,Low-Medium,Medium-Full,Medium-Fast,Wilson Pro Performance,16,19,"19 Crosses Mains skip: 7T,9T,7H,9H Two Pieces Shared: 10T",Orange,50-60 pounds
Wilson Pro Staff 97 v14 Racquet,,97,625.81,27,68.58,11.7,332,12.6,32,7,325,66,21.5,21.5,21.5,Aramid/Graphite,Low,Full,Fast,Wilson Pro Performance,16,19,"19 Crosses Mains skip: 7T,9T,7H,9H Two Pieces No Shared Holes",Rust,50-60 pounds
Wilson Clash 100 Racquet,,100,645.16,27,68.58,11,312,12.59,31.98,7,312,55,24.5,24.5,24.5,Graphite,Low-Medium,Medium-Full,Medium-Fast,Wilson Pro Performance,16,19,"19 Crosses Mains skip: 7T,9T,7H,9H Two Pieces No Shared Holes",Black/Gray/Red,48-58 pounds
Wilson Triad Five Racquet,,103,664.51,27.25,69.22,10,283,14.37,36.5,6 pts HH,324,N/A (very low),26,26,26,Graphite,Medium,Medium,Medium,Wilson Synthetic,16,20,"20 Crosses Mains skip: 7T,9T,7H,9H One Piece No Shared Holes",Red,50-60 pounds
Wilson Blade 98 18x20 v9 Racquet,,98,632.26,27,68.58,11.4,323,13,33.02,4,330,60,21,21,21,Basalt/Braided Graphite,Low,Full,Fast,Wilson Pro Performance,18,20,"20 Crosses Mains skip: 8T,10T,8H,10H Two Pieces No Shared Holes",Green,50-60 pounds
Wilson Clash 25 v2 Junior Racquet,,100,645.16,25,63.50,8.4,240 g,,,,,,,,,Graphite,,,,,16,19,19 Crosses,Black/Red,
Wilson Pro Staff 97UL v14 Racquet,,97,625.81,27,68.58,10,283,13,33.02,4,301,67,23.5,23.5,23.5,Graphite,Low-Medium,Medium-Full,Medium-Fast,Wilson Pro Performance,16,19,"19 Crosses Mains skip: 7T,9T,7H,9H Two Pieces No Shared Holes",Rust,50-60 pounds
Wilson Blade 100L v9 Racquet,,100,645.16,27,68.58,10.6,301,13.28,33.73,2,308,69,22,22,22,Graphite,Low-Medium,Medium-Full,Medium-Fast,Wilson Pro Performance,16,19,"19 Crosses Mains skip: 8T,8H One Piece No Shared Holes",Green,50-60 pounds
Wilson Ultra Pro 16x19 v4 Racquet,,97,625.81,27,68.58,11.4,323,12.76,32.41,6,317,62,20.6,20.6,20.6,Graphite,Low,Full,Fast,Wilson Sublime,16,19,"19 Crosses Mains skip: 8T,8H One Piece No Shared Holes",Blue,50-60 pounds
Wilson Shift 99 Pro Racquet,,99,638.71,27,68.58,11.7,332,12.75,32.39,6,332,68,23.5,23.5,23.5,Graphite,Low-Medium,Medium-Full,Medium-Fast,Wilson Pro Performance,18,20,"20 Crosses Mains skip: 8T,10T,8H,10H One Piece No Shared Holes",White,48-58 pounds
"Wilson US Open 21"" Junior Racquet",,95,593.54,21,53.34,,,,,,,,,,,Aluminium,,,,,,,,Red/Orange,
Wilson Ultra 108 v4 Racquet,,108,696.77,27.25,69.22,10,283,13.5,34.29,1,311,70,26,27.5,25.5,Carbon Fiber Graphite,Medium-High,Compact-Medium,Slow-Moderate,Wilson Pro Performance,16,18,"18 Crosses Mains skip: 7T,9T,7H,9H Two Pieces No Shared Holes",Black/Blue/Silver,50-60 pounds
Wilson Pro Staff X v14 Racquet,,100,645.16,27,68.58,11.7,332,12.59,31.98,7,322,66,21.5,21.5,21.5,Graphite,Low-Medium,Medium-Full,Medium-Fast,Wilson Pro Performance,16,19,"19 Crosses Mains skip: 7T,9T,7H,9H Two Pieces No Shared Holes",Rust,50-60 pounds
Wilson RF 01 Pro Racquet,,98,632.26,27,68.58,11.9,337,12.75,32.39,6,331,67,23.2,23,22,Carbon +Carbon Braid,Low-Medium,Medium-Full,Medium-Fast,Leather,16,19,"19 Crosses Mains skip: 7T,9T,7H,9H Two Pieces No Shared Holes",Black,50-60 pounds
Wilson Clash 98 v2 Racquet,,98,632.26,27,68.58,11.5,326,12.5,31.75,8,327,60,24,24,24,Graphite,Low-Medium,Medium-Full,Medium-Fast,Wilson Pro Performance,16,20,"20 Crosses Mains skip: 7T,9T,7H,9H One Piece No Shared Holes",Red,50-60 pounds
Wilson Clash 26 v2 Junior Racquet,,100,645.16,26,66,8.6,245 g,,,,,,,,,Graphite,,,,,16,19,19 Crosses,Black/Red,
Wilson Blade 104 v9 Racquet,,104,670.97,27.5,69.85,10.8,306,12.99,32.99,6,311,64,22,22,22,Basalt/Braided Graphite,Low-Medium,Medium-Full,Medium-Fast,Wilson Pro Performance,16,19,"19 Crosses Mains skip: 7T,9T,8H One Piece No Shared Holes",Green,50-60 pounds
Wilson Clash 108 v2 Racquet,,108,696.77,27.25,69.22,10.4,295,13.6,34.54,0 pts EB,325,63,24.5,24.5,24.5,Graphite,Medium,Medium,Medium,Wilson Pro Performance,16,19,"19 Crosses Mains skip: 7T,9T,7H,9H Two Pieces No Shared Holes",Red,50-60 pounds
Wilson Clash 100 v2 US Open 2024 Racquet,,100,645.16,27,68.58,11,312,12.59,31.98,7,313,57,24.5,24.5,24.5,Graphite,Low-Medium,Medium-Full,Medium-Fast,Wilson Pro Performance,16,19,"19 Crosses Mains skip: 7T,9T,7H,9H Two Pieces No Shared Holes",US Open Cosmetic,50-60 pounds
Wilson Triad Three Racquet,,113,729.03,27.5,69.85,9.8,278,14.56,36.98,6 pts HH,331,N/A (very low),26,30,26,Graphite,Medium-High,Compact-Medium,Slow-Moderate,Wilson Synthetic,16,19,"19 Crosses Mains skip: 7T,9T,7H,9H One Piece No Shared Holes",Blue,50-60 pounds
Wilson Shift 99L Racquet,,99,638.71,27,68.58,10.6,301,12.85,32.64,5,311,68,23.5,23.5,23.5,Graphite,Low-Medium,Medium-Full,Medium-Fast,Wilson Pro Performance,16,20,"20 Crosses Mains skip: 7T,9T,7H,9H One Piece No Shared Holes",White,48-58 pounds
Wilson Blade 98 16x19 v9 Racquet,,98,632.26,27,68.58,11.4,323,13,33.02,4,324,62,21,21,21,Basalt/Braided Graphite,Low,Medium-Full,Medium-Fast,Wilson Pro Performance,16,19,"19 Crosses Mains skip: 8T,8H One Piece No Shared Holes",Green,50-60 pounds
Wilson Blade Pro 98 18x20 v9 Racquet,,98,632.26,27,68.58,11.4,323,13.18,33.48,3,341,60,21.5,21.5,21.5,Graphite,Low,Full,Fast,Wilson Pro Performance,18,20,"20 Crosses Mains skip: 9T,8H,10H Two Pieces No Shared Holes",Green,50-60 pounds
"Wilson US Open 23"" Junior Racquet",,95,612.90,23,58.42,,,,,,,,,,,Aluminium,,,,,,,,Green/Blue/White,
Wilson RF 01 Racquet,,98,632.26,27,68.58,11.2,318,12.85,32.64,5,319,64,23.2,23,22,Carbon +Carbon Braid,Low-Medium,Medium-Full,Medium-Fast,Pro Performance,16,19,"19 Crosses Mains skip: 7T,9T,7H,9H Two Pieces No Shared Holes",Black,50-60 pounds
Wilson RF 01 Future Racquet,,98,632.26,27,68.58,10.4,295,13,33.02,4,301,64,23.2,23,22,Carbon +Carbon Braid,Low-Medium,Medium-Full,Medium-Fast,Wilson Pro Performance,16,19,"19 Crosses Mains skip: 7T,9T,7H,9H Two Pieces No Shared Holes",Black,50-60 pounds
Wilson Clash 100L v3 Racquet,,100,645.16,27,68.58,10.4,295,12.79,32.49,6,301,54,24.5,24.5,24.5,Graphite,Low-Medium,Medium-Full,Medium-Fast,Wilson Pro Performance,16,19,"19 Crosses Mains skip: 7T,9T,7H,9H Two Pieces No Shared Holes",Black/Red,50-60 pounds
Head Boom MP Racquet,,100,645.16,27,68.58,11,312,12.79,32.49,6,317,62,23,24,23,Auxetic 2/Graphene Inside/Graphite,Low-Medium,Medium-Full,Medium-Fast,Hydrosorb Pro,16,19,"19 Crosses Mains skip: 7T,9T,7H,9H Two Pieces No Shared Holes",Black/Coral,48-57 pounds
Head Graphene XT Speed MP Racquet,,100,645.16,27,68.58,11.1,315,13,33.02,4,320,67,22,22,22,Graphene XT/Graphite,Low-Medium,Full,Fast,Head Hydrosorb Comfort,16,19,"19 Crosses Mains skip: NONE Two Pieces Shared: 7T,8T,7H,8H",White / Black,48-57 pounds
Head Prestige MP L Racquet,,99,638.71,27,68.58,11.2,318,12.79,32.49,6,309,61,21.5,21.5,21.5,Auxetic 2/Graphene Inside/Graphite,Low,Full,Fast,Head Hydrosorb Pro,16,19,"19 Crosses Mains skip: 7T,9T,7H,9H Two Pieces No Shared Holes",Maroon,48-57 pounds
"Head Boom 26"" Junior Racquet",,100,645.16,26,66.04,8.6,245 g,,,,,,,,,Graphite,,,,,16,19,19 Crosses,Black/Coral,
Head Gravity MP 2025 Racquet,,100,645.16,27,68.58,11,312,13.18,33.48,3,323,57,22,22,22,Graphene Inside/Auxetic 2/Graphite,Low-Medium,Medium-Full,Medium-Fast,Head Hydrosorb Pro,16,20,"20 Crosses Mains skip: 7T,9T,7H,9H Two Pieces No Shared Holes",Blue/Black,48-57 pounds
Head Speed MP Racquet,,100,645.16,27,68.58,11.1,315,13,33.02,4,323,62,23,23,23,Graphene 360+/Graphite,Low-Medium,Medium-Full,Medium-Fast,Head Hydrosorb Pro,16,19,"19 Crosses Mains skip: 7T,9T,7H,9H Two Pieces No Shared Holes",White/Black,48-57 pounds
Head Radical Team 2023 Racquet,,102,658.06,27,68.58,10.4,295,12.99,32.99,4,305,63,22,25,23,Graphene 360+/Graphite,Low-Medium,Medium-Full,Medium-Fast,Head Hydrosorb Pro,16,19,"19 Crosses Mains skip: 8T, 8H Two Pieces No Shared Holes",Orange/Blue,48-57 pounds
Head Radical Pro Racquet,,98,632.26,27,68.58,11.7,332,12.75,32.39,6,330,65,20,21.5,21,Graphene 360+/Graphite,Low-Medium,Medium-Full,Medium-Fast,Head Hydrosorb Pro,16,19,"19 Crosses Mains skip: 8T, 8H Two Pieces No Shared Holes",Orange/Silver,48-57 pounds
"Head Boom 26"" Junior Mint Racquet",,100,645.16,26,66.04,8.6,245 g,,,,,,,,,Graphite,,,,,16,19,19 Crosses,Mint!,
"Head Instinct 21"" Junior Racquet",,81,522.58,21,53.34,,,,,,,,,,,Aluminium,,,,,,,,Purple,
Head Extreme Team Racquet,,105,677.42,27,68.58,9.8,278,13.7,34.8,2 pts HH,304,61,23,26,21,Graphene 360+/Graphite,Low-Medium,Medium-Full,Medium-Fast,Hydrosorb Pro,16,19,"19 Crosses Mains skip: 7T,9T,7H,9H Two Pieces No Shared Holes",Yellow/,52-62 pounds
Head Radical Elite 2025 Racquet,,102,658.06,27,68.58,10 ounces,283.50 rams,12.99,32.99,4,306,64,22,25,23,Graphite,Low-Medium,Medium-Full,Medium-Fast,Head Hydrosorb Pro,16,19,"19 Crosses Mains skip: 8T, 8H Two Pieces No Shared Holes",Orange,48-57 pounds
Head Extreme MP L Racquet,,100,645.16,27,68.58,10.4,295,13.18,33.48,3,308,64,23,26,21,Graphene 360+/Graphite,Low-Medium,Medium-Full,Medium-Fast,Hydrosorb Pro,16,19,"19 Crosses Mains skip: 7T,9T,7H,9H Two Pieces No Shared Holes",Yellow,48-57 pounds
Head Graphene XT Radical MP Racquet,,98,632.26,27,68.58,11,312,12.79,32.49,6,317,63,20,23,21,Graphene XT/Graphite,Low-Medium,Medium-Full,Medium-Fast,Head Hydrosorb Pro,16,19,"19 Crosses Mains skip: 8T,8H Two Pieces No Shared Holes","Orange, Black",48-57 pounds
Head Prestige Pro Racquet,,98,632.26,27,68.58,11.9,337,12.59,31.98,7,324,58,20,20,20,Auxetic 2/Graphene Inside/Graphite,Low,Full,Fast,Head Hydrosorb Pro,18,20,"20 Crosses Mains skip: 8T,10T,8H,10H Two Pieces No Shared Holes",Maroon,48-57 pounds
"Head Speed 25"" Junior Racquet",,100,645.16,25,63.50,8.1,230g,,,,,,,,,Auxetic 2 / Graphite,,,,,16,19,19 Crosses,White/ Black,
"Head Speed 23"" Junior Racquet",,98,632.26,23,58.42,,,,,,,,,,,Aluminium,,,,,,,,Green,
Head Instinct Team L 2025 Racquet,,107,690.32,27.2,69.09,10,283,13.77,34.98,1 pts HH,300,62,23,26,23,Auextic/Graphene Inside/Graphite,Medium,Medium,Medium,Head Hydrosorb Pro,16,19,"19 Crosses Mains skip: 8T,8H Two Pieces No Shared Holes",Blue,48-57 pounds
"Head IG Speed 25"" Junior Racquet",,100,645.12,25,63.50,8.5,240 g,,,,,,,,,Graphite Composite,,,,,16,19,19 Crosses,,
Head Graphene XT Radical S Racquet,,102,658.06,27,68.58,10.4,294.84,13,33.02,4,301,60,22,25,23,Graphene XT/Graphite,Low-Medium,Medium-Full,Medium-Fast,Hydrosorb Pro,16,19,"19 Crosses Mains skip: 8T, 8H Two Pieces No Shared Holes",Black/Orange,48-57 pounds
Head Radical Pro 2023 Racquet,,98,632.26,27,68.58,11.7,332,12.75,32.39,6,325,64,20,21.5,21,Graphene 360+/Graphite,Low-Medium,Medium-Full,Medium-Fast,Head Hydrosorb Pro,16,19,"19 Crosses Mains skip: 8T, 8H Two Pieces No Shared Holes",Orange/Blue,48-57 pounds
Head Extreme Pro Racquet,,98,632.26,27,68.58,11.4,323,12.79,32.49,6,322,64,22,23,21,Graphene 360+/Graphite,Low-Medium,Medium-Full,Medium-Fast,Hydrosorb Pro,16,19,"19 Crosses Mains skip: 8T,8H Two Pieces No Shared Holes",Yellow,48-57 pounds
Head Boom MP L Racquet,,100,645.16,27,68.58,10,283,13.18,33.48,3,301,62,23,24,22,Auxetic 2/Graphene Inside/Graphite,Low-Medium,Medium-Full,Medium-Fast,Hydrosorb Pro,16,19,"19 Crosses Mains skip: 7T,9T,7H,9H Two Pieces No Shared Holes",Black/Coral,48-57 pounds
Head Prestige Pro 16x19 Racquet,,98,632.26,27,68.58,11.9,337,12.59,31.98,7,325,58,20,20,20,Auxetic 2/Graphene Inside/Graphite,Low,Full,Fast,Head Hydrosorb Pro,16,19,"19 Crosses Mains skip: 8T,7H,9H Two Pieces No Shared Holes",Maroon,48-57 pounds
Head Speed Pro Legend Racquet,,100,645.16,27,68.58,11.6,329,12.8,32.51,6,333,60,23,23,23,Auxetic 2/Graphene Inside/Graphite,Low,Full,Fast,Head Hydrosorb Pro,18,20,"20 Crosses Mains skip: 8T,10T,8H,10H Two Pieces No Shared Holes",Black,48-57 pounds
Head Instinct PWR 110 2025 Racquet,,110,709.68,27.4,69.6,9.7,275,13.8,35.05,1 pts HH,309,67,26,25,23,Auextic/Graphene Inside/Graphite,Medium-High,Compact-Medium,Slow-Moderate,Head Hydrosorb Comfort,16,19,"19 Crosses Mains skip: 7T,9T,7H,9H Two Pieces Shared: 10T,10H",Blue,52-62 pounds
Head Gravity Team 2023 Racquet,,104,670.97,27,68.58,10.6,301,13.18,33.48,3,311,60,24,24,24,Graphene 360+/Graphite,Low-Medium,Medium-Full,Medium-Fast,Head Hydrosorb Pro,16,20,"20 Crosses Mains skip: 7T,9T,7H,9H Two Pieces No Shared Holes",Black,48-57 pounds
Head Boom MP L Mint Racquet,,100,645.16,27,68.58,10,283,13.18,33.48,3,301,62,23,24,22,Auxetic 2/Graphene Inside/Graphite,Low-Medium,Medium-Full,Medium-Fast,Hydrosorb Pro,16,19,"19 Crosses Mains skip: 7T,9T,7H,9H Two Pieces No Shared Holes",Mint!,48-57 pounds
"Head Speed 21"" Junior Racquet",,91,587.09,21,53.34,,,,,,,,,,,Aluminum,,,,,,,,Yellow/Blue,
Head Gravity Pro 2025 Racquet,,100,645.16,27,68.58,11.7,332,12.59,31.98,7,329,59,20,20,20,Graphene Inside/Auxetic 2/Graphite,Low,Full,Fast,Head Hydrosorb Pro,18,20,"20 Crosses Mains skip: 8T,10T,8H,10H Two Pieces No Shared Holes","Blue,Black",48-57 pounds
Head Gravity Tour 2025 Racquet,,98,632.26,27,68.58,11.4,323,12.99,32.99,4,328,59,22,22,22,: Graphene Inside/Auxetic 2/Graphite,Low-Medium,Medium-Full,Medium-Fast,Head Hydrosorb Pro,16,19,"19 Crosses Mains skip: 7T,9T,7H,9H Two Pieces No Shared Holes",Black/Blue,48-57 pounds
Head Gravity MP L 2025 Racquet,,100,645.16,27,68.58,10.4,295,13.3,33.78,2,308,57,24,24,24,Graphene Inside/Auxetic 2/Graphite,Low-Medium,Medium-Full,Medium-Fast,Head Hydrosorb Pro,16,20,"20 Crosses Mains skip: 7T,9T,7H,9H Two Pieces No Shared Holes",Blue/Black,48-57 pounds
Head Radical Pro 2025 Racquet,,98,632.26,27,68.58,11.7,332,12.75,32.39,6,329,65,20,21.5,21,Graphene Inside/Graphite,Low-Medium,Medium-Full,Medium-Fast,Head Hydrosorb Pro,16,19,"19 Crosses Mains skip: 8T, 8H Two Pieces No Shared Holes",Orange,48-57 pounds
Head Prestige MP Racquet,,99,638.71,27,68.58,11.5,326,13.07,33.2,3,327,62,21.5,21.5,21.5,Auxetic 2/Graphene Inside/Graphite,Low,Full,Fast,Head Hydrosorb Pro,18,19,"19 Crosses Mains skip: 8T,10T,8H,10H Two Pieces No Shared Holes",Maroon,48-57 pounds
"Head Speed 26"" Junior Racquet",,100,645.16,26,66.04,8.8,250 g,,,,,,,,,Auxetic 2 / Graphite,,,,,16,19,19 Crosses,White/Black,
Head Boom Pro Racquet,,98,632.26,27,68.58,11.5,326,12.59,31.98,7,323,64,22,22,21.5,Auxetic 2/Graphene Inside/Graphite,Low-Medium,Medium-Full,Medium-Fast,Hydrosorb Pro,16,19,"19 Crosses Mains skip: 8T,8H Two Pieces No Shared Holes",Black/Coral,48-57 pounds
Head Instinct MP 2025 Racquet,,100,645.16,27,68.58,11.2,318,13,33.02,4,317,64,23,26,23,Auextic/Graphene Inside/Graphite,Low-Medium,Medium-Full,Medium-Fast,Head Hydrosorb Pro,16,19,"19 Crosses Mains skip: 8T,8H Two Pieces No Shared Holes",Blue,48-57 pounds
Head Gravity Team 2025 Racquet,,104,670.97,27,68.58,10,283,13.18,33.48,3,304,57,24,24,24,Graphene Inside/Auxetic 2/Graphite,Low-Medium,Medium-Full,Medium-Fast,Head Hydrosorb Pro,16,20,"20 Crosses Mains skip: 7T,9T,7H,9H Two Pieces No Shared Holes",Blue/Black,48-57 pounds
Head Titanium Ti.S6 Strung Racquet,,115,741.93,27.75,70.49,8.6,244,14.8,37.59,7 pts HH,309,71,27,28,27,Graphite / Titanium Composite,High,Compact-Medium,Slow-Moderate,Head Cushion Grip,16,19,"19 Crosses Mains skip: 8T,7H,9H One Piece No Shared Holes",Silver & Blue,57-66 pounds
Head Extreme MP Racquet,,100,645.16,27,68.58,11.2,318,12.99,32.99,4,323,66,23,26,21,Graphene 360+/Graphite,Low-Medium,Medium-Full,Medium-Fast,Hydrosorb Pro,16,19,"19 Crosses Mains skip: 8T,7H,9H Two Pieces No Shared Holes",Yellow,48-57 pounds
Head Radical MP 2025 Racquet,,98,632.26,27,68.58,11.2,318,13,33.02,4,323,66,20,23,21,Graphene Inside/Graphite,Low-Medium,Medium-Full,Medium-Fast,Head Hydrosorb Pro,16,19,"19 Crosses Mains skip: 8T, 8H Two Pieces No Shared Holes",Orange,48-57 pounds
Head Speed Team Racquet,,105,677.42,27.2,69.09,10,283,13.18,33.48,3,306,61,24,24,24,Auxetic 2/Graphene 360+/Graphite,Medium,Medium,Medium,Head Hydrosorb Pro,16,19,"19 Crosses Mains skip: 7T,9T,7H,9H Two Pieces No Shared Holes",White/Black,48-57 pounds
Head IG Radical XCeed Racquet,,100,645.16,27,68.58,10.1,286,13.5,34.29,0 pts EB,317,66,23,26,23,Graphite,Low-Medium,Medium-Full,Medium-Fast,Head Synthetic,16,19,"19 Crosses Mains skip: 8T,8H Two Pieces No Shared Holes",Orange/Blue,48-57 pounds
"Head Instinct 25"" Junior Racquet",,105,677.41,25,63.50,8.5,240 g,,,,,,,,,Aluminum,,,,,16,19,19 Crosses,Purple/Blue,
Head Boom Team Racquet,,102,658.06,27,68.58,10.2,289,13.24,33.63,2,309,62,25,25,22,Auxetic 2/Graphene Inside/Graphite,Low-Medium,Medium-Full,Medium-Fast,Hydrosorb Pro,16,19,"19 Crosses Mains skip: 7T,9T,7H,9H Two Pieces No Shared Holes",Black/Coral,48-57 pounds
Head Gravity MP 2023 Racquet,,100,645.16,27,68.58,11,312,13.18,33.48,3,319,59,22,22,22,Graphene 360+/Graphite,Low-Medium,Medium-Full,Medium-Fast,Head Hydrosorb Pro,16,20,"20 Crosses Mains skip: 7T,9T,7H,9H Two Pieces No Shared Holes",Black/Purple,48-57 pounds
Head Prestige Tour Racquet,,95,612.9,27,68.58,11.7,332,12.79,32.49,6,330,62,22,22,22,Auxetic 2/Graphene Inside/Graphite,Low-Medium,Medium-Full,Medium-Fast,Head Hydrosorb Pro,16,19,"19 Crosses Mains skip: 8T,8H Two Pieces No Shared Holes",Maroon,48-57 pounds
Head Speed Pro Racquet,,100,645.16,27,68.58,11.6,329,12.8,32.51,6,333,60,23,23,23,Auxetic 2/Graphene Inside/Graphite,Low,Full,Fast,Head Hydrosorb Pro,18,20,"20 Crosses Mains skip: 8T,10T,8H,10H Two Pieces No Shared Holes",White / Black,48-57 pounds
Head Speed MP Legend Racquet,,100,645.16,27,68.58,11.1,315,13,33.02,4,330,60,23,23,23,Auxetic 2/Graphene 360+/Graphite,Low-Medium,Medium-Full,Medium-Fast,Head Hydrosorb Pro,16,19,"19 Crosses Mains skip: 7T,9T,7H,9H Two Pieces No Shared Holes",Black,48-57 pounds
Head Gravity Pro 2023 Racquet,,100,645.16,27,68.58,11.7,332,12.75,32.39,6,334,63,20,20,20,Graphene 360+/Graphite,Low,Full,Fast,Head Hydrosorb Pro,18,20,"20 Crosses Mains skip: 8T,10T,8H,10H Two Pieces No Shared Holes",Black/Purple,48-57 pounds
"Head IG Speed 26"" Junior Racquet",,100,645.16,26,66.04,8.8,250 g,,,,,,,,,Graphite / Innegra,,,,,16,19,19 Crosses,,
Head Instinct PWR 115 2025 Racquet,,115,741.93,27.7,70.36,8.6,244,15,38.1,9 pts HH,311,67,28,29,29,Auextic/Graphene Inside/Graphite,Medium-High,Compact-Medium,Slow-Moderate,Head Hydrosorb Comfort,16,19,"19 Crosses Mains skip: 8T,7H,9H Two Pieces No Shared Holes",Blue,52-62 pounds
Head Radical Team 2025 Racquet,,102,658.06,27,68.58,10.4,295,13,33.02,4,303,63,22,25,23,Graphene Inside/Graphite,Low-Medium,Medium-Full,Medium-Fast,Head Hydrosorb Pro,16,19,"19 Crosses Mains skip: 8T, 8H Two Pieces No Shared Holes",Orange,48-57 pounds
"Head Radical Junior 26"" Racquet",,105,677.41,26,66.04,8.6,245 g,,,,,,,,,Aluminum,,,,,16,19,19 Crosses,Orange,
"Head Instinct 23"" Junior Racquet",,98,632.26,23,58.42,,,,,,,,,,,Aluminium,,,,,,,,Purple,
Head Graphene XT Speed S Racquet,,100,645,27,68.5,10.7,303.34,13.35,33.91,1,317,68,22.5,22.5,22,Graphene XT/Graphite,Low-Medium,Medium-Full,Medium-Fast,Hydrosorb Pro,16,19,"19 Crosses Mains skip: None Two Pieces Shared: 7T,8T,7H,8H",Black/ White,48-57 lbs / 22-26 kg
Head Speed MP L Racquet,,100,645.16,27,68.58,10.4,295,13.18,33.48,3,313,60,23,23,23,Auxetic 2/Graphene 360+/Graphite,Low-Medium,Medium-Full,Medium-Fast,Head Hydrosorb Pro,16,19,"19 Crosses Mains skip: 7T,9T,7H,9H Two Pieces No Shared Holes",White/Black,48-57 pounds
Head Radical MP 2023 Racquet,,98,632.26,27,68.58,11.2,318,13,33.02,4,323,65,20,23,21,Graphene 360+/Graphite,Low-Medium,Medium-Full,Medium-Fast,Head Hydrosorb Pro,16,19,"19 Crosses Mains skip: 8T, 8H Two Pieces No Shared Holes",Orange/Blue,48-57 pounds
Head Boom Team L Mint Racquet,,107,690.32,27.4,69.6,9.7,275,13.65,34.67,0 pts EB,310,63,25,25,22,Auxetic 2/Graphene Inside/Graphite,Medium,Medium,Medium,Hydrosorb Pro,16,19,"19 Crosses Mains skip: 7T,9T,7H,9H Two Pieces No Shared Holes",Mint,48-57 pounds
Head Boom MP Mint Racquet,,100,645.16,27,68.58,11,312,12.79,32.49,6,317,62,23,24,22,Auxetic 2/Graphene Inside/Graphite,Low-Medium,Medium-Full,Medium-Fast,Hydrosorb Pro,16,19,"19 Crosses Mains skip: 7T,9T,7H,9H Two Pieces No Shared Holes",Mint!,48-57 pounds
Yonex EZONE 100L Racquet,,100,645.16,27,68.58,10.5,298,13.18,33.48,3,308,69,23.8,26.5,22.5,2G NAMD Speed/HM Graphite,Low-Medium,Medium-Full,Medium-Fast,Yonex Synthetic,16,19,"19 Crosses Mains skip: 7T,9T,8H Two Pieces No Shared Holes",Blue/Green,40-55 pounds
"Yonex EZONE 25"" Junior Racquet",,100,645.16,25,63.5,,,,,,,,,,,Graphite,,,,,16,18,18 Crosses,Blue,
Yonex Percept 97 Racquet,,97,625.81,27,68.58,11.5,326,12.59,31.98,7,315,60,21,21,21,NAMD-2G/H.M.Graphite,Low,Full,Fast,Yonex Synthetic,16,19,"19 Crosses Mains skip: 8T,8H Two Pieces No Shared Holes",Mint,45-60 pounds
Yonex EZONE 98+ Racquet,,98,632.26,27.5,69.85,11.4,323,13.07,33.2,5,333,64,23.5,24.5,19.5,2G-NAMD SPEED/HM Graphite,Low-Medium,Medium-Full,Medium-Fast,Yonex Synthetic,16,19,"19 Crosses Mains skip: 8T,8H Two Pieces No Shared Holes",Blue,45-60 pounds
"Yonex EZONE 26"" Junior Racquet",,100,645,26,66.04,8.8,250,,,,,,,,,Graphite,,,,,16,18,18 Crosses,Blue,
Yonex EZONE 100 SL (2025) Racquet,,100,645.16,27,68.58,10,283,13.38,33.99,1,297,66,24.5,26.5,23,Minolon/2NAMD-Speed/HM Graphite,Low-Medium,Medium-Full,Medium-Fast,Yonex Synthetic,16,18,"18 Crosses Mains skip: 7T,9T,8H Two Pieces No Shared Holes",Blue,40-55 pounds
Yonex EZONE 100+ (2025) Racquet,,100,645.16,27.5,69.85,11.2,318,13.38,33.99,3,332,68,24.5,26.5,23,Minolon/2NAMD-Speed/HM Graphite,Low-Medium,Medium-Full,Medium-Fast,Synthetic,16,19,"19 Crosses Mains skip: 7T,9T,8H Two Pieces No Shared Holes",Blue,45-60 pounds
Yonex EZONE 100L Aqua Night Black Racquet,,100,645.16,27,68.58,10.5,298,13.18,33.48,3,308,69,23.8,26.5,22.5,2G NAMD Speed/HM Graphite,Low-Medium,Medium-Full,Medium-Fast,Yonex Synthetic,16,19,"19 Crosses Mains skip: 7T,9T,8H Two Pieces No Shared Holes",Black,40-55 pounds
Yonex EZONE 100 Aqua Night Black Racquet,,100,645.16,27,68.58,11.2,318,13,33.02,4,317,67,23.8,26.5,22.5,2G-NAMD SPEED/HM Graphite,Low-Medium,Medium-Full,Medium-Fast,Yonex Synthetic,16,19,"19 Crosses Mains skip: 7T,9T,8H Two Pieces No Shared Holes",Black,45-60 pounds
Yonex Percept 100D Racquet,,100,645.16,27,68.58,11.3,320,12.79,32.49,6,318,66,23,23,23,NAMD-2G/H.M.Graphite,Low-Medium,Medium-Full,Medium-Fast,Yonex Synthetic,18,19,"19 Crosses Mains skip: 8T,10T,8H,10H Two Pieces No Shared Holes",Mint,45-60 pounds
Yonex VCORE 100 Sand Beige Racquet,,100,645.16,27,68.58,11.3,320,13,33.02,4,322,65,25.3,25.3,22,2G-Namd FlexForce/H.M. Graphite,Low-Medium,Medium-Full,Medium-Fast,Yonex Synthetic,16,19,"19 Crosses Mains skip: 7T,9T,8H Two Pieces No Shared Holes",Beige!,45-60 pounds
Yonex EZONE 100 (2025) Racquet,,100,645.16,27,68.58,11.2,318,13,33.02,4,315,68,24.5,26.5,23,Minolon/2NAMD-Speed/HM Graphite,Low-Medium,Medium-Full,Medium-Fast,Synthetic,16,19,"19 Crosses Mains skip: 7T,9T,8H Two Pieces No Shared Holes",Blue,45-60 pounds
Yonex EZONE 100+ Racquet,,100,645.16,27.5,69.85,11.2,318,13.38,33.99,3,336,67,23.8,26.5,22.5,2G-NAMD SPEED/HM Graphite,Low-Medium,Medium-Full,Medium-Fast,Yonex Synthetic,16,19,"19 Crosses Mains skip: 7T,9T,8H Two Pieces No Shared Holes",Blue,45-60 pounds
Yonex Percept 97D Racquet,,97,625.81,27,68.58,11.9,337,12.59,31.98,7,329,62,21,21,21,NAMD-2G/H.M.Graphite,Low,Full,Fast,Yonex Synthetic,18,20,"20 Crosses Mains skip: 8T,10T,8H,10H Two Pieces No Shared Holes",Mint,45-60 pounds
Yonex VCORE 98 Racquet,,98,632.26,27,68.58,11.4,323,12.79,32.49,6,318,62,23,23,21,2G-Namd FlexForce/H.M. Graphite,Low-Medium,Medium-Full,Medium-Fast,Yonex Synthetic,16,19,"19 Crosses Mains skip: 7T,9T,8H Two Pieces No Shared Holes",Red,45-60 pounds
Yonex Percept 97H Racquet,,97,625.81,27,68.58,12.2,346,12.59,31.98,7,333,62,21,21,21,NAMD-2G/H.M.Graphite,Low,Full,Fast,Yonex Synthetic,16,19,"19 Crosses Mains skip: 8T,8H Two Pieces No Shared Holes",Mint,45-60 pounds
"Yonex VCORE 26"" Junior Racquet (4)",,100,645.16,26,66.04,8.8,250 g,,,,,,,,,Graphite / VDM,,,,,16,18,18 Crosses,Red,
Yonex EZONE 98L Racquet,,98,632.26,27,68.58,10.6,301,13.38,33.99,1,310,65,23.5,24.5,19.5,2G-NAMD Speed/HM Graphite,Low-Medium,Medium-Full,Medium-Fast,Yonex Synthetic,16,19,"19 Crosses Mains skip: 8T,8H Two Pieces No Shared Holes",Blue/Green,40-55 pounds
Yonex VCORE 98+ Racquet,,98,632.26,27.5,69.85,11.4,323,13.18,33.48,5,333,62,23,23,21,2G-Namd FlexForce/H.M. Graphite,Low-Medium,Medium-Full,Medium-Fast,Yonex Synthetic,16,19,"19 Crosses Mains skip: 7T,9T,8H Two Pieces No Shared Holes",Red,45-60 pounds
Yonex ASTREL 120 Racquet,,120,774.19,27,68.58,9.5,269,14.2,36.07,6 pts HH,315,68,27,28.5,25,2G-NAMD Sped/HM Graphite,Medium-High,Medium-Full,Slow-Moderate,Yonex Synthetic,16,17,"17 Crosses Mains skip: 8T,8H Two Pieces No Shared Holes",White,40-55 pounds
Yonex EZONE 98 Tour (2025) Racquet,,98,632.26,27,68.58,11.7,332,12.99,32.99,4,335,62,23.8,24.5,19.5,Minolon/2NAMD-Speed/HM Graphite,Low-Medium,Medium-Full,Medium-Fast,Yonex Synthetic,16,19,"19 Crosses Mains skip: 8T,8H Two Pieces No Shared Holes",Blue,45-60 pounds
Yonex EZONE 100SL Racquet,,100,645.16,27,68.58,10,283,13.38,33.99,1,303,68,23.8,26.5,22.5,2G-NAMD/HM Graphite,Low-Medium,Medium-Full,Medium-Fast,Yonex Synthetic,16,18,"18 Crosses Mains skip: 7T,9T,8H Two Pieces No Shared Holes",Blue/Green,40-55 pounds
Yonex VCORE 98 Tour Racquet,,98,632.26,27,68.58,11.7,332,13,33.02,4,326,63,23,23,21,2G-Namd FlexForce/H.M. Graphite,Low-Medium,Medium-Full,Medium-Fast,Yonex Synthetic,16,19,"19 Crosses Mains skip: 7T,9T,8H Two Pieces No Shared Holes",Red,45-60 pounds
Yonex VCORE 95 Racquet,,95,612.9,27,68.58,11.5,326,12.59,31.98,7,321,61,22,22,21,2G-Namd FlexForce/H.M. Graphite,Low,Full,Fast,Yonex Synthetic,16,20,"20 Crosses Mains skip: 7T,9T,8H Two Pieces No Shared Holes",Red,45-60 pounds
Yonex ASTREL 105 Racquet,,105,677.42,27,68.58,9.8,278,13.5,34.29,0 pts EB,305,69,27,28.5,25,2G-NAMD Sped/HM Graphite,Medium-High,Medium-Full,Slow-Moderate,Yonex Synthetic,16,17,"17 Crosses Mains skip: 8T,8H Two Pieces No Shared Holes",White,40-55 pounds
Yonex EZONE 110 (2025) Racquet,,110,709.68,27.5,69.85,9.5,269,13.5,34.29,2,301,65,26,29,24,Minolon/Nanocell NEO/HM Graphite,Medium,Medium,Medium,Yonex Synthetic,16,18,"18 Crosses Mains skip: 8T,8H Two Pieces No Shared Holes",Blue,40-55 pounds
Yonex EZONE 98 Aqua Night Black Racquet,,98,632.26,27,68.58,11.4,323,12.79,32.49,6,314,65,23.5,24.5,19.5,2G-NAMD SPEED/HM Graphite,Low-Medium,Medium-Full,Medium-Fast,Yonex Synthetic,16,19,"19 Crosses Mains skip: 8T,8H Two Pieces No Shared Holes",Black,45-60 pounds
"Yonex VCORE 25"" Junior Racquet (4)",,100,645.16,25,63.5,8.5,240 g,,,,,,,,,Graphite / VDM,,,,,16,18,18 Crosses,Red,
Yonex VCORE 98 Sand Beige Racquet,,98,632.26,27,68.58,11.4,323,12.79,32.49,6,318,62,23,23,21,2G-Namd FlexForce/H.M. Graphite,Low-Medium,Medium-Full,Medium-Fast,Yonex Synthetic,16,19,"19 Crosses Mains skip: 7T,9T,8H Two Pieces No Shared Holes",Beige!,45-60 pounds
Yonex EZONE 98 (2025) Racquet,,98,632.26,27,68.58,11.4,323,12.79,32.49,6,320,63,23.8,24.5,19.5,Minolon/2NAMD-Speed/HM Graphite,Low-Medium,Medium-Full,Medium-Fast,Synthetic,16,19,"19 Crosses Mains skip: 8T,8H Two Pieces No Shared Holes",Blue,45-60 pounds
Yonex VCORE 95 Sand Beige Racquet,,95,612.9,27,68.58,11.5,326,12.59,31.98,7,321,61,22,22,21,2G-Namd FlexForce/H.M. Graphite,Low,Full,Fast,Yonex Synthetic,16,20,"20 Crosses Mains skip: 7T,9T,8H Two Pieces No Shared Holes",Beige!,45-60 pounds
Yonex EZONE 110 Racquet,,110,709.68,27.25,69.22,9.6,272,13.45,34.16,1,302,66,26,29,24,H.M. Graphite,Medium,Medium,Medium,Yonex Synthetic,16,18,"18 Crosses Mains skip: 8T,8H Two Pieces No Shared Holes",Blue,40-55 pounds
Yonex EZONE 105 (2025) Racquet,,105,677.42,27,68.58,10.2,289,13.38,33.99,1,312,66,24,26.5,23,Minolon/2NAMD-Speed/HM Graphite,Medium,Medium,Medium,Yonex Synthetic,16,19,"19 Crosses Mains skip: 8T,8H Two Pieces No Shared Holes",Blue,40-55 pounds
Yonex VCORE 100 Racquet,,100,645.16,27,68.58,11.3,320,13,33.02,4,322,65,25.3,25.3,22,2G-Namd FlexForce/H.M. Graphite,Low-Medium,Medium-Full,Medium-Fast,Yonex Synthetic,16,19,"19 Crosses Mains skip: 7T,9T,8H Two Pieces No Shared Holes",Red,45-60 pounds
Yonex EZONE 105 Racquet,,105,677.42,27,68.58,10.2,289,13.38,33.99,1,303,67,24,26.5,23.5,2G-NAMD Speed/HM Graphite,Medium,Medium,Medium,Yonex Synthetic,16,19,"19 Crosses Mains skip: 8T,8H Two Pieces No Shared Holes",Blue/Green,40-55 pounds
Yonex EZONE 98 Tour 2022 Racquet,,98,632.26,27,68.58,11.7,332,12.99,32.99,4,332,64,23.5,24.5,19.5,2G-NAMD SPEED/HM Graphite,Low-Medium,Medium-Full,Medium-Fast,Yonex Synthetic,16,19,"19 Crosses Mains skip: 8T,8H Two Pieces No Shared Holes",Blue,45-60 pounds
Yonex VCORE 100L Sand Beige Racquet,,100,645.16,27,68.58,10.5,298,13.38,33.99,1,312,66,25.3,25.3,22,2G-Namd FlexForce/H.M. Graphite,Low-Medium,Medium-Full,Medium-Fast,Yonex Synthetic,16,19,"19 Crosses Mains skip: 7T,9T,8H Two Pieces No Shared Holes",Beige!,45-60 pounds
Yonex EZONE 98+ (2025) Racquet,,98,632.26,27.5,69.85,11.4,323,13.07,33.2,5,334,62,23.8,24.5,19.5,Minolon/2NAMD-Speed/HM Graphite,Low-Medium,Medium-Full,Medium-Fast,Synthetic,16,19,"19 Crosses Mains skip: 8T,8H Two Pieces No Shared Holes",Blue,45-60 pounds
Yonex EZONE 98 Racquet,,98,632.26,27,68.58,11.4,323,12.79,32.49,6,314,65,23.5,24.5,19.5,2G-NAMD SPEED/HM Graphite,Low-Medium,Medium-Full,Medium-Fast,Yonex Synthetic,16,19,"19 Crosses Mains skip: 8T,8H Two Pieces No Shared Holes",Blue,45-60 pounds
Yonex VCORE 100+ Racquet,,100,645.16,27.5,69.85,11.2,318,13.38,33.99,3,335,64,25.3,25.3,22,2G-Namd FlexForce/H.M. Graphite,Low-Medium,Medium-Full,Medium-Fast,Yonex Synthetic,16,19,"19 Crosses Mains skip: 7T,9T,8H Two Pieces No Shared Holes",Red,45-60 pounds
Yonex EZONE 100L (2025) Racquet,,100,645.16,27,68.58,10.6,301,13.18,33.48,3,310,67,24.5,26.5,23,Minolon/2NAMD-Speed/HM Graphite,Low-Medium,Medium-Full,Medium-Fast,Synthetic,16,19,"19 Crosses Mains skip: 7T,9T,8H Two Pieces No Shared Holes",Blue,40-55 pounds
Yonex Percept 100 Racquet,,100,645.16,27,68.58,11.1,315,13,33.02,4,318,66,23,23,23,2G-Namd/HM Graphite,Low-Medium,Medium-Full,Medium-Fast,Yonex Synthetic,16,19,"19 Crosses Mains skip: 7T,9T,7H,9H Two Pieces No Shared Holes",Mint,45-60 pounds
Yonex EZONE Ace Racquet,,102,658.06,27,68.58,9.7,275,13.85,35.18,3 pts HH,313,65,24,26.5,23,Graphite,Low-Medium,Medium-Full,Medium-Fast,Yonex Synthetic,16,19,"19 Crosses Mains skip: 8T,8H Two Pieces No Shared Holes",Blue,40-55 pounds
Yonex VCORE 100L Racquet,,100,645.16,27,68.58,10.5,298,13.38,33.99,1,312,66,25.3,25.3,22,2G-Namd FlexForce/H.M. Graphite,Low-Medium,Medium-Full,Medium-Fast,Yonex Synthetic,16,19,"19 Crosses Mains skip: 7T,9T,8H Two Pieces No Shared Holes",Red,45-60 pounds
Prince ATS Textreme Tour 95 Racquet,,95,612.9,27,68.58,11.9,337,12.5,31.75,8,324,61,22,22,19,Textreme/Twaron/Graphite,Low,Full,Fast,Prince Resi Pro,16,19,"19 Crosses Mains skip: 7T,9T,7H,9H Two Pieces No Shared Holes",White,45-55 pounds
Prince Textreme Warrior 100 Racquet,,100,645.16,27,68.58,11.14,315.81,12.7,32.26,6,320,66,24,25.5,22.5,Graphite/Textreme,Low-Medium,Medium-Full,Medium-Fast,Prince ResiPro,16,18,"18 Crosses Mains skip: 7T,9T,8H Two Piece No Shared Holes",Black w/ Silver & White,50-60 pounds
Prince Phantom 100X 18x20 Racquet 2024,,100,645.16,27,68.58,11.8,335,12.5,31.75,8,327,59,22,20.5,18,Textreme/Zylon/Graphite,Low,Full,Fast,Prince ResiTex Tour,18,20,"20 Crosses Mains skip: 8T,10T,8H,10H Two Pieces No Shared Holes",Green,45-55 pounds
"Prince Ripstick 26"" Junior Racquet",,100,645.16,26,66.04,8.5,240 g,,,,,,,,,Graphite,,,,,16,19,19 Crosses,Black/Red/White,
Prince Ripstick 100 280g Racquet,,100,645.16,27,68.58,10.4,295,13.7,34.8,2 pts HH,319,63,27,25.5,22,TexTreme/Twaron/Graphite,Low-Medium,Medium-Full,Medium-Fast,Prince ResiTex Pro,16,18,"18 Crosses Mains skip: 8T,8H Two Pieces No Shared Holes",Black/White/Red/Yellow,50-60 pounds
"Prince Ripstick 25"" Junior Racquet",,100,645.16,25,63.50,7.9,225 g,,,,,,,,,Graphite,,,,,16,19,19 Crosses,Black/Blue/White,
Prince O3 Legacy 120 Racquet 2024,,120,774.19,27.25,69.22,9.7,275,14.2,36.07,5 pts HH,330,69,27.5,29.5,27,Twaron/Textreme/Zylon/Graphite,High,Compact,Slow,Prince ResiTex Soft,16,19,"19 Crosses Mains skip: 7T,9T,8H Two Pieces No Shared Holes",Gold,55-65 pounds
Prince Ripcord 100 280g Racquet,,100,645.16,27,68.58,10.4,295,13,33.02,4,315,66,27,25,22,Textreme/Zylon/Graphite,Low-Medium,Medium-Full,Medium-Fast,Prince ResiTex Pro,16,19,"19 Crosses Mains skip: 7T,9T,8H Two Pieces No Shared Holes",Blue,48-58 pounds
Prince ATS Textreme Tour 98 Carbon Racquet,,98,632.26,27,68.58,11.4,323,12.79,32.49,6,325,62,23,23,20,Textreme/Twaron/Graphite,Low-Medium,Medium-Full,Medium-Fast,Prince Resi Pro,16,19,"19 Crosses Mains skip: 8T,8H One Piece No Shared Holes",Carbon,48-58 pounds
Prince Ripcord 100 300g Racquet,,100,645.16,27,68.58,11.2,318,13,32.38,6,322,68,27,25,22,Textreme/Zylon/Graphite,Low-Medium,Medium-Full,Medium-Fast,Prince ResiTex Pro,16,19,"19 Crosses Mains skip: 7T,9T,8H Two Pieces No Shared Holes",Blue,48-58 pounds
Prince Ripstick 100 300g Racquet,,100,645.16,27,68.58,11.2,318,13,33.02,4,325,64,27,25.5,22,TexTreme/Twaron/Graphite,Low-Medium,Medium-Full,Medium-Fast,Prince ResiTex Pro,16,18,"18 Crosses Mains skip: 8T,8H Two Pieces No Shared Holes",Black/White/Red/Yellow,50-60 pounds
Prince O3 Legacy 105 Racquet 2024,,105,677.42,27.25,69.22,10.5,298,13.57,34.47,0 pts EB,316,63,23.5,25,23,Twaron/Textreme/Zylon/Graphite,Medium-High,Compact-Medium,Slow-Moderate,Prince ResiTex Soft,16,19,"19 Crosses Mains skip: 7T,9T,7H,9H Two Pieces No Shared Holes",Gold,53-63 pounds
Prince Phantom 107G Racquet 2024,,107,690.32,27,68.58,11.4,323,12.59,31.98,7,320,62,21.5,20,17.5,Textreme/Zylon/Graphite,Low-Medium,Medium-Full,Medium-Fast,Prince ResiTex Tour,16,19,"19 Crosses Mains skip: 7T,9T,7H,9H Two Pieces No Shared Holes",Green,45-55 pounds
"Ektelon Rogue 19"" Junior Racquet",,85,215.9,19,48.26,,,,,,,,,,,Aluminium,,,,,,,,Teal/Black/Yellow,
"Ektelon Rogue 21"" Junior Racquet",,95,612.9,,,,,,,,,,,,,Aluminium,,,,,,,,Red/Yellow/Orange,
Prince Warrior 107 Racquet,,107,690.32,27,68.58,10.2,289,13.5,34.29,0 pts EB,313,68,28,27,24,Graphite,Low-Medium,Compact-Medium,Medium-Fast,Prince Synthetic,16,19,"19 Crosses Mains skip: 7T,9T,7H,9H Two Pieces No Shared Holes",White,50-60 pounds
Prince Twistpower X105 (290g) Racquet,,105,677.42,27,68.58,10.7,303,12.59,31.98,7,312,63,27,25,22,Graphite,Low-Medium,Medium-Full,Medium-Fast,Prince Synthetic,16,19,"19 Crosses Mains skip: 7T,9T,7H,9H Two Pieces No Shared Holes",Black,45-55 pounds
Prince ATS Textreme Tour 100 290 Racquet,,100,645.16,27,68.58,10.8,306,13,33.02,4,318,62,22,23,20,Textreme/Twaron/Graphite,Low-Medium,Medium-Full,Medium-Fast,Prince Resi Pro,16,18,"18 Crosses Mains skip: 8T,8H Two Pieces No Shared Holes",White,48-58 pounds
Prince Ripstick 98 Racquet 2025,,98,632.26,27,68.58,11.4,323,12.79,32.49,6,328,67,27,25.5,22,Textreme/Zylon/Graphite,Low-Medium,Medium-Full,Medium-Fast,Prince ResiTex Pro,16,18,"18 Crosses Mains skip: 8T,8H Two Pieces No Shared Holes",Red,48-58 pounds
Prince Warrior 100 (285g) Racquet,,100,645.16,27,68.58,10.6,301,13.18,33.48,3,313,65,24,26,22,Graphite,Low-Medium,Medium-Full,Medium-Fast,Prince Synthetic,16,19,"19 Crosses Mains skip: 7T,9T,8H One Piece No Shared Holes","Black, Red",50-60 pounds
Prince Phantom 100X 305 Racquet,,100,645.16,27,68.58,11.4,323,12.69,32.23,6,321,58,22,20.5,18,Textreme/Twaron/Graphite,Low-Medium,Medium-Full,Medium-Fast,Prince ResiTex Tour,16,18,"18 Crosses Mains skip: 8T,8H One Piece No Shared Holes",Grey-Blue,45-55 pounds
Prince Phantom 100X 305g Racquet 2024,,100,645.16,27,68.58,11.4,323,12.79,32.49,6,320,59,22,20.5,18,Textreme/Zylon/Graphite,Low-Medium,Medium-Full,Medium-Fast,Prince ResiTex Tour,16,18,"18 Crosses Mains skip: 8T,8H One Piece No Shared Holes",Green,45-55 pounds
Prince Ripstick 100 300g Racquet 2025,,100,645.16,27,68.58,11.2,318,13,33.02,4,326,67,27,25.5,22,TexTreme/Zylon/Graphite,Low-Medium,Medium-Full,Medium-Fast,Prince ResiTex Pro,16,18,"18 Crosses Mains skip: 8T,8H Two Pieces No Shared Holes",Red,50-60 pounds
Prince ATS Textreme Tour 98 Racquet,,98,632.26,27,68.58,11.4,323,12.79,32.49,6,325,62,23,23,20,Textreme/Twaron/Graphite,Low-Medium,Medium-Full,Medium-Fast,Prince Resi Pro,16,19,"19 Crosses Mains skip: 8T,8H One Piece No Shared Holes",White,48-58 pounds
Prince ATS Textreme Tour 100 290 Carbon Racquet,,100,645.16,27,68.58,10.8,306,13,33.02,4,318,62,22,23,20,Textreme/Twaron/Graphite,Low-Medium,Medium-Full,Medium-Fast,Prince Resi Pro,16,18,"18 Crosses Mains skip: 8T,8H Two Pieces No Shared Holes",Carbon,48-58 pounds
Prince Warrior 100 (300g) Racquet,,100,645.16,27,68.58,11.2,318,12.79,32.49,6,311,65,24,26,22,Graphite,Low-Medium,Medium-Full,Medium-Fast,Prince Synthetic,16,19,"19 Crosses Mains skip: 7T,9T,8H One Piece No Shared Holes","Black, Green, Yellow",50-60 pounds
"Prince Tour 25"" Junior Racquet",,100,645.16,25,63.50,7.9,225 g,,,,,,,,,Graphite,,,,,16,19,19 Crosses,White,
"Ektelon Rogue 23"" Junior Racquet",,99,251.46,,,,,,,,,,,,,Aluminium,,,,,,,,Blue/Yellow/Green,
Prince ATS Textreme Tour 100P Racquet,,100,645.16,27,68.58,11.4,323,12.59,31.98,7,322,61,22,23,20,Textreme/Twaron/Graphite,Low,Full,Fast,Prince Resi Pro,18,20,"20 Crosses Mains skip: 8T,10T,8H,10H One Piece No Shared Holes",White,45-55 pounds
Prince O3 Legacy 110 Racquet,,110,709.68,27.25,69.22,10.1,286,14,35.56,3 pts HH,327,73,25,27,26,Twaron/Textreme/Graphite,Medium,Medium,Medium,Prince ResiTex Soft,16,19,"19 Crosses Mains skip: 7T,9T,7H,9H Two Pieces No Shared Holes",Blue,53-63 pounds
Prince ATS Textreme Tour 100 310 Racquet,,100,645.16,27,68.58,11.5,326,12.59,31.98,7,323,62,22,23,20,Textreme/Twaron/Graphite,Low-Medium,Medium-Full,Medium-Fast,Prince Resi Pro,16,18,"18 Crosses Mains skip: 8T,8H Two Pieces No Shared Holes",White,48-58 pounds
Prince Phantom 100P Racquet 2024,,100,645.16,27,68.58,11.5,326,12.79,32.49,6,324,59,20.5,19.5,16.5,Textreme/Zylon/Graphite,Low-Medium,Medium-Full,Medium-Fast,Prince ResiTex Tour,16,18,"18 Crosses Mains skip: 8T,8H Two Pieces No Shared Holes",Green,48-58 pounds
Prince Phantom 100X 290g Racquet 2024,,100,645.16,27,68.58,10.7,303,13,33.02,4,317,59,22,20.5,18,Textreme/Zylon/Graphite,Low-Medium,Medium-Full,Medium-Fast,Prince ResiTex Tour,16,18,"18 Crosses Mains skip: 8T,8H One Piece No Shared Holes",Green,45-55 pounds
Prince Ripcord 100 265g Racquet,,100,645.16,27,68.58,9.8,278,13.66,34.7,1 pts HH,308,65,27,25,22,Textreme/Zylon/Graphite,Low-Medium,Medium-Full,Medium-Fast,Prince ResiTex Pro,16,19,"19 Crosses Mains skip: 7T,9T,8H Two Pieces No Shared Holes",Blue,48-58 pounds
"Ektelon Rogue 26"" Junior Racquet",,102,658.06,,,,,,,,,,,,,Aluminium,,,,,,,,Red/Black/White,
Prince Ripstick 100 280g Racquet 2025,,100,645.16,27,68.58,10.4,295,13.6,34.54,1 pts HH,317,66,27,25.5,22,TexTreme/Zylon/Graphite,Low-Medium,Medium-Full,Medium-Fast,Prince ResiTex Pro,16,18,"18 Crosses Mains skip: 8T,8H Two Pieces No Shared Holes",Red,50-60 pounds
Prince Twistpower X100 Racquet,,100,645.16,27,68.58,10.8,306,13,33.02,4,314,66,24.5,24.5,20,Graphite,Low-Medium,Medium-Full,Medium-Fast,Prince Synthetic,16,18,"18 Crosses Mains skip: 8T,8H Two Pieces No Shared Holes",Black,45-55 pounds
Prince Classic Graphite 107 Racquet,,107,690.32,27,68.58,12.2,345.86,12.7,32.26,6,336,65,19,19,19,100% Graphite!,Low-Medium,Medium-Full,Medium-Fast,Prince Leather,16,19,19 Crosses Mains skip: 8T 8H Two Pieces No Shared Holes,Black w/Green Stripe,57-67 pounds
Tecnifibre TF40 305 (16x19) Racquet,,98,632.26,27,68.58,11.3,320,13.07,33.2,3,321,64,22,22,22,Dynacore XTC/Graphite,Low,Full,Fast,Tecnifibre Xtra Feel,16,19,"19 Crosses Mains skip: 8T,8H One Piece No Shared Holes",White,49-55 pounds
"Tecnifibre TFight Tour 25"" Junior Racquet",,100,645.16,25,63.50,8.4,240 g,,,,,,,,,Graphite,,,,,16,17,17 Crosses,White,
Tecnifibre TFight 270 Racquet,,100,645.16,27,68.58,10,283,12.99,32.99,4,300,65,23,23,23,Graphite,Low-Medium,Medium-Full,Medium-Fast,Tecnifibre X-Tra Feel,16,19,"19 Crosses Mains skip: 7T,9T,7H,9H Two Pieces No Shared Holes",White,49-55 pounds
Tecnifibre TF40 305g (18x20) Racquet 2024,,98,632.26,27,68.58,11.4,323,13.12,33.32,3,330,64,22,22,22,Dynacore XTC/Graphite,Low,Full,Fast,Tecnifibre Xtra Feel,18,20,"20 Crosses Mains skip: 8T,10T,8H,10H Two Pieces No Shared Holes",White,49-55 pounds
Tecnifibre TFight 315S Racquet,,98,632.26,27,68.58,11.7,332,12.59,31.98,7,325,65,22.5,22.5,22.5,Graphite,Low-Medium,Medium-Full,Medium-Fast,Tecnifibre X-Tra Feel,16,19,"19 Crosses Mains skip: 7T,9T,7H,9H Two Pieces No Shared Holes",White,49-55 pounds
Tecnifibre TF40 305g (16x19) Racquet 2024,,98,632.26,27,68.58,11.3,320,13.07,33.2,3,320,64,22,22,22,Dynacore XTC/Graphite,Low,Full,Fast,Tecnifibre Xtra Feel,16,19,"19 Crosses Mains skip: 8T,8H One Piece No Shared Holes",White,49-55 pounds
Tecnifibre TF40 305 (18x20) Racquet,,98,632.26,27,68.58,11.4,323,13.12,33.32,3,328,64,22,22,22,Dynacore XTC/Graphite,Low,Full,Fast,Tecnifibre Xtra Feel,18,20,"20 Crosses Mains skip: 8T,10T,8H,10H Two Pieces No Shared Holes",White,49-55 pounds
Tecnifibre TFight ISO 305 Racquet,,98,632.26,27,68.58,11.3,320,13.12,33.32,3,338,64,22.5,22.5,22.5,Dynacore HD/Graphite,Low-Medium,Full,Fast,Tecnifibre Synthetic,18,19,"19 Crosses Mains skip: 8T,10T,8H,10H Two Pieces No Shared Holes",White,50-55 pounds
Tecnifibre TF-X1 275 Racquet,,105,677.42,27,68.58,10.2,289,13.38,33.99,1,310,69,25,25.5,24.5,Graphite,Low-Medium,Medium-Full,Medium-Fast,Tecnifibre WaxGripFeel,16,19,"19 Crosses Mains skip: 7T,9T,7H,9H Two Pieces No Shared Holes",White,49-55 pounds
Tecnifibre TF40 315g (16x19) Racquet 2024,,98,632.26,27,68.58,11.7,332,12.51,31.78,8,319,63,22,22,22,Dynacore XTC/Graphite,Low,Full,Fast,Tecnifibre Xtra Feel,16,19,"19 Crosses Mains skip: 8T,8H One Piece No Shared Holes",White,49-55 pounds
Tecnifibre TF40 290g (16x19) Racquet 2024,,98,632.26,27,68.58,10.7,303,13.07,33.2,3,312,65,22,22,22,Dynacore XTC/Graphite,Low,Full,Fast,Tecnifibre Xtra Feel,16,19,"19 Crosses Mains skip: 8T,8H One Piece No Shared Holes",White,49-55 pounds
Tecnifibre TFight 300S Racquet,,98,632.26,27,68.58,11.2,318,13,33.02,4,321,66,22.5,22.5,22.5,Graphite,Low-Medium,Medium-Full,Medium-Fast,Tecnifibre Xtra Feel,16,19,"19 Crosses Mains skip: 7T,9T,7H,9H Two Pieces No Shared Holes",White,49-55 pounds
Tecnifibre TF-X1 285 Racquet,,100,645.16,27,68.58,10.5,298,13.25,33.66,2,316,71,24,24,24,Graphite,Low-Medium,Medium-Full,Medium-Fast,Tecnifibre WaxGripFeel,16,19,"19 Crosses Mains skip: 7T,9T,7H,9H Two Pieces No Shared Holes",White,49-55 pounds
Tecnifibre TF-X1 305 v2 Racquet,,98,632,27,68.58,11.4,323,12.79,32.49,6,333,70,24.5,24.5,24.5,Graphite,Low-Medium,Medium-Full,Medium-Fast,Tecnifibre Synthetic,16,19,"19 Crosses Mains skip: 7T,9T,7H,9H Two Pieces No Shared Holes",White,49-55 pounds
Tecnifibre TF-X1 300 Racquet,,100,645.16,27,68.58,11.1,315,13,33.02,4,323,71,24,24,24,Graphite,Low-Medium,Medium-Full,Medium-Fast,Tecnifibre WaxGripFeel,16,19,"19 Crosses Mains skip: 7T,9T,7H,9H Two Pieces No Shared Holes",White,49-55 pounds
Tecnifibre TFight ISO 300 Racquet,,98,632.26,27,68.58,11.2,318,12.99,32.99,4,320,66,22.5,22.5,22.5,Dynacore HD/Graphite,Low-Medium,Medium-Full,Medium-Fast,Tecnifibre Xtra Feel,16,19,"19 Crosses Mains skip: 7T,9T,7H,9H Two Pieces No Shared Holes",White,49-55 pounds
Tecnifibre TFight 300 Racquet,,100,645.16,27,68.58,11.2,318,12.99,32.99,4,318,65,22.5,22.5,22.5,Graphite,Low-Medium,Medium-Full,Medium-Fast,Tecnifibre X-Tra Feel,16,19,"19 Crosses Mains skip: 7T,9T,7H,9H Two Pieces No Shared Holes",White,49-55 pounds
Tecnifibre TFight 305S Racquet,,98,632.26,27,68.58,11.3,320,12.79,32.49,6,324,63,22.5,22.5,22.5,Graphite,Low-Medium,Medium-Full,Medium-Fast,Tecnifibre X-Tra Feel,18,19,"19 Crosses Mains skip: 8T,10T,8H,10H Two Pieces No Shared Holes",White,49-55 pounds
Tecnifibre TFight 285 Racquet,,100,645.16,27,68.58,10.5,298,12.85,32.64,5,303,63,23,23,23,Graphite,Low-Medium,Medium-Full,Medium-Fast,Tecnifibre X-Tra Feel,16,19,"19 Crosses Mains skip: 7T,9T,7H,9H Two Pieces No Shared Holes",White,49-55 pounds
"Tecnifibre TFight Tour 26"" Junior Racquet",,100,645.16,26,66.04,8.8,250 g,,,,,,,,,Graphite,,,,,16,17,17 Crosses,White,
Dunlop FX 700 Racquet,,107,690.32,27.5,69.85,9.8,278,13.7,34.8,0 pts EB,325,67,23,27,23,Sonic Core Infinergy/Graphite,Medium,Medium,Medium,Dunlop Synthetic,16,18,"18 Crosses Mains skip: 8T,8H Two Pieces No Shared Holes",Blue/Black,40-60 pounds
Dunlop SX 300 Tour Racquet 2025,,98,632.26,27,68.58,11.4,323,12.79,32.49,6,321,69,23,26,23,Sonic Core Infinergy/Graphite,Low-Medium,Compact-Medium,Medium-Fast,Dunlop Synthetic,16,19,"19 Crosses Mains skip: 7T,9T,7H,9H Two Pieces No Shared Holes",Teal/Yellow,45-65 pounds
Dunlop FX 500 Tour Racquet,,98,632.26,27,68.58,11.4,323,12.79,32.49,6,317,65,21,23,21,Sonic Core Infinergy/Graphite,Low-Medium,Medium-Full,Medium-Fast,Dunlop Synthetic,16,19,"19 Crosses Mains skip: 7T,9T,7H,9H Two Pieces No Shared Holes",Blue,45-65 pounds
Dunlop FX 500 Lite Racquet,,100,645.16,27,68.58,10,283,13.38,33.99,1,301,68,23,26,23,Sonic Core Infinergy/Graphite,Low-Medium,Medium-Full,Medium-Fast,Dunlop Synthetic,16,18,"18 Crosses Mains skip: 7T,9T,7H,9H Two Pieces No Shared Holes",Blue/Black,45-65 pounds
Dunlop LX 1000 Racquet 2024,,115,741.93,27,68.58,9.5,269,14.36,36.47,7 pts HH,305,75,27,28,26,Graphite,High,Compact,Slow,Dunlop Synthetic,16,18,"18 Crosses Mains skip: 7T,9T,8H Two Pieces No Shared Holes",Gray,40-55 pounds
Dunlop LX 800 Racquet 2024,,110,709.68,27,68.58,9.5,269,14.31,36.35,6 pts HH,296,75,26,27,26,Graphite,Medium-High,Compact-Medium,Slow-Moderate,Dunlop Synthetic,16,18,"18 Crosses Mains skip: 8T,8H One Piece No Shared Holes",Gray,40-55 pounds
Dunlop FX 500 Racquet,,100,645.16,27,68.58,11.3,320,13,33.02,4,321,69,23,26,23,Sonic Core Infinergy/Graphite,Low-Medium,Medium-Full,Medium-Fast,Dunlop Synthetic,16,19,"19 Crosses Mains skip: 7T,9T,7H,9H Two Pieces No Shared Holes",Blue/Black,45-65 pounds
Dunlop CX 200 Racquet,,98,632.26,27,68.58,11.3,320,12.63,32.08,7,314,64,21.5,21.5,21.5,Sonic Core Infinergy/Graphite,Low-Medium,Medium-Full,Medium-Fast,Dunlop Viper Dry,16,19,"19 Crosses Mains skip: 8T,8H Two Pieces No Shared Holes",Red,45-65 pounds
Dunlop CX 400 Tour Racquet,,100,645.16,27,68.58,11.2,318,13,33.02,4,317,66,23,23,23,Sonic Core Infinergy/Graphite,Low-Medium,Medium-Full,Medium-Fast,Dunlop Viper Dry,16,19,"19 Crosses Mains skip: 8T,8H Two Pieces No Shared Holes",Red,45-65 pounds
Dunlop CX 200 LS Racquet,,98,632.26,27,68.58,10.7,303,13.18,33.48,3,309,63,21.5,21.5,21.5,Sonic Core Infinergy/Graphite,Low-Medium,Medium-Full,Medium-Fast,Dunlop Viper Dry,16,19,"19 Crosses Mains skip: 8T,8H Two Pieces No Shared Holes",Red,45-65 pounds
"Dunlop Nitro 27"" Junior Racquet",,100,645.16,27,68.58,9.7,275 g,,,,,,,,,Aluminum,,,,,16,19,19 Crosses,White/Black,
Dunlop CX 200 OS Racquet,,105,677.42,27,68.58,10.9,309,13.18,33.48,3,319,63,21.5,21.5,21.5,Sonic Core Infinergy/Graphite,Low-Medium,Medium-Full,Medium-Fast,Dunlop Viper Dry,16,19,"19 Crosses Mains skip: 8T,8H Two Pieces No Shared Holes",Red,40-60 pounds
Dunlop CX 200 Tour 16x19 Racquet,,95,612.9,27,68.58,11.5,326,12.59,31.98,7,314,66,20.5,20.5,20.5,Sonic Core Infinergy/Graphite,Low-Medium,Medium-Full,Medium-Fast,Dunlop Viper Dry,16,19,"19 Crosses Mains skip: 8T,8H Two Pieces No Shared Holes",Red,45-65 pounds
Dunlop CX 400 Racquet,,100,645.16,27,68.58,10.6,301,13.29,33.76,2,313,69,24,24,24,Sonic Core Infinergy/Graphite,Low-Medium,Medium-Full,Medium-Fast,Dunlop Viper Dry,16,19,"19 Crosses Mains skip: 8T,8H Two Pieces No Shared Holes",Red,40-60 pounds
Dunlop CX 200 Tour 18x20 Racquet,,95,612.9,27,68.58,11.7,332,12.59,31.98,7,315,66,20.5,20.5,20.5,Sonic Core Infinergy/Graphite,Low,Full,Fast,Leather!,18,20,"20 Crosses Mains skip: 8T,10T,8H,10H One Piece No Shared Holes",Red!,45-65 pounds
Dunlop SX 300 Racquet 2025,,100,645.16,27,68.58,11.2,318,13,33.02,4,318,69,23,26,23,Sonic Core Infinergy/Graphite,Low-Medium,Compact-Medium,Medium-Fast,Dunlop Synthetic,16,19,"19 Crosses Mains skip: 7T,9T,7H,9H Two Pieces No Shared Holes",Teal/Yellow,45-65 pounds
Dunlop FX 500 LS Racquet,,100,645.16,27,68.58,10.6,301,13.18,33.48,3,305,67,23,26,23,Sonic Core Infinergy/Graphite,Low-Medium,Medium-Full,Medium-Fast,Dunlop Synthetic,16,19,"19 Crosses Mains skip: 7T,9T,7H,9H Two Pieces No Shared Holes",Blue/Black,45-65 pounds
Dunlop LX Team Racquet,,107,690.32,27,68.58,10,283,13.58,34.49,1 pts HH,312,64,23,27,23,Graphite,Medium,Medium,Medium,Dunlop Synthetic,16,19,"19 Crosses Mains skip: 8T,8H One Piece No Shared Holes",Gray,40-60 pounds
Volkl V-Cell 10 320g Racquet,,98,632.26,27,68.58,11.8,335,12.59,31.98,7,319,67,20.5,22.5,21,VCell/Graphite,Low-Medium,Medium-Full,Medium-Fast,Volkl VSENSE Grip,16,19,"19 Crosses Mains skip: 8T,8H One Piece No Shared Holes",Black,50-60 pounds
Volkl V-Cell 1 Racquet,,115,741.93,27.8,70.61,9.6,272,14.4,36.58,4 pts HH,312,70,28.5,27.5,28.5,VCell/Graphite,Medium-High,Compact-Medium,Slow-Moderate,Volkl Synthetic,16,17,"17 Crosses Mains skip: 7T,9T,8H One Piece No Shared Holes",Black,48-58 pounds
Volkl Vostra V4 Racquet,,105,677.42,27.6,70.1,10.2,289,13.18,33.48,5,306,66,25,25,25,Red Cell/Graphite,Medium,Medium,Medium,Volkl VSENSE Grip,16,19,"19 Crosses Mains skip: 8T,8H One Piece No Shared Holes",Green,46-60 pounds
Volkl V-Cell 8 285g Racquet,,100,645.16,27,68.58,10.5,298,13,33.02,4,303,70,22,24,22,V-Cell/Graphite,Low-Medium,Medium-Full,Medium-Fast,Volkl VSENSE Grip,16,18,"18 Crosses Mains skip: 8T,8H One Piece No Shared Holes",Red,50-60 pounds
Volkl Vostra V2 Racquet,,115,741.93,27.6,70.1,10,283,14,35.56,2 pts HH,315,69,28,27,27,Red Cell/Graphite,Medium-High,Compact-Medium,Slow-Moderate,Volkl VSENSE Grip,16,19,"19 Crosses Mains skip: 8T,8H One Piece No Shared Holes",White,46-60 pounds
Volkl V-Cell 3 Racquet,,110,709.68,27.8,70.61,10,283,13.65,34.67,2,313,69,28,27,26,V-Cell/Graphite,Medium-High,Compact-Medium,Slow-Moderate,Volkl Synthetic Grip,16,19,"19 Crosses Mains skip: 8T,8H One Piece No Shared Holes",Silver,46-60 pounds
Volkl V-Cell V1 Pro Racquet,,99,638.71,27,68.58,,,13,33.02,4,316,68,23,20,23,VCell/Graphite,Low-Medium,Medium-Full,Medium-Fast,Volkl Synthetic,16,19,"19 Crosses Mains skip: 8T,8H One Piece No Shared Holes",Green,50-60 pounds
Volkl Power Bridge 10 Mid Racquet,,93 sq. .,600 sq. .,27,68.58,12.1,343.03,12.5,31.75,8,322,61,19,19,19,"DNX, Carbon, Fiberglass",Low,Long,Fast,DNX Grip with Sensor Tour Handle,16,19,"19 Crosses Mains skip: 8T,7H,9H One Piece No Shared Holes",Black w/Anthracite Lettering,50-60 pounds
Volkl Vostra V9 305g Racquet,,100,645.16,27,68.58,11.4,323,13,33.02,4,316,65,21,23,21,Red Cell/Graphite,Low-Medium,Medium-Full,Medium-Fast,Volkl VSENSE Grip,16,19,"19 Crosses Mains skip: 8T,8H One Piece No Shared Holes",Black,50-60 pounds
Volkl V-Cell 8 300g Racquet,,100,645.16,27,68.58,11,312,12.85,32.64,5,312,67,22,24,22,V-Cell/Graphite,Low-Medium,Medium-Full,Medium-Fast,Volkl VSENSE Grip,16,18,"18 Crosses Mains skip: 8T,8H One Piece No Shared Holes",Red,50-60 pounds
Volkl C10 Pro 25th Anniversary Racquet,,98,632.26,27,68.58,12.3,349,12.5,31.75,8,326,62,20,20,20,Graphite,Low,Full,Fast,Volkl Synthetic,16,19,"19 Crosses Mains skip: 8T,8H One Piece No Shared Holes",Anniversary Cosmetic!,50-60 pounds
Volkl Vostra 1 Power Arm Racquet,,115,741.93,27.8,70.61,9.5,269,14.4,36.58,4 pts HH,317,69,28.5,27.5,28.5,Red Cell/Graphite,Medium-High,Compact-Medium,Slow-Moderate,Volkl Synthetic,16,17,"17 Crosses Mains skip: 7T,9T,8H One Piece No Shared Holes",Blue,48-58 pounds
Volkl Vostra V7 Racquet,,100,645.16,27,68.58,11.2,318,13,33.02,4,320,69,24,26,23,Red Cell/Graphite,Low-Medium,Medium-Full,Medium-Fast,Volkl VSENSE Grip,16,19,"19 Crosses Mains skip: 8T,8H One Piece No Shared Holes",Black,50-60 pounds
Volkl Vostra V9 290g Racquet,,100,645.16,27,68.58,10.7,303,13.18,33.48,3,305,65,21,23,21,Red Cell/Graphite,Low-Medium,Medium-Full,Medium-Fast,Volkl VSENSE Grip,16,19,"19 Crosses Mains skip: 8T,8H One Piece No Shared Holes",Black,50-60 pounds
Volkl Vostra V5 Racquet,,100,645.16,27,68.58,9.8,278,13.38,33.99,1,290,69,22.5,24.5,22.5,VCell/Graphite,Low-Medium,Medium-Full,Medium-Fast,Volkl Synthetic,16,18,"18 Crosses Mains skip: 8T,8H One Piece No Shared Holes",Blue,50-60 pounds
Volkl V1 EVO Racquet,,102,658.06,27,68.58,11.3,320,13.09,33.25,3,326,64,27,25,22,Graphite,Low-Medium,Medium-Full,Medium-Fast,Volkl Synthetic,16,19,"19 Crosses Mains skip: 8T,8H One Piece No Shared Holes",Silver,50-60 pounds
Volkl V-Cell 9 Racquet,,100,645.16,27,68.58,11.5,326,12.79,32.49,6,317,68,24,26,23,V-Cell/Graphite,Low-Medium,Medium-Full,Medium-Fast,Volkl VSENSE Grip,16,19,"19 Crosses Mains skip: 8T,8H One Piece No Shared Holes",Black/Silver,50-60 pounds
Volkl C10 Pro 2022 Racquet,,98,632.26,27,68.58,12.3,349,12.5,31.75,8,326,62,20,20,20,Graphite,Low,Full,Fast,Volkl Synthetic,16,19,"19 Crosses Mains skip: 8T,8H One Piece No Shared Holes",Black/Yellow,50-60 pounds
Volkl Vostra V10 300g Racquet,,98,632.26,27,68.58,11.2,318,13.18,33.48,3,314,68,20.5,22.5,21,Red Cell/Graphite,Low-Medium,Medium-Full,Medium-Fast,Volkl VSENSE Grip,16,19,"19 Crosses Mains skip: 8T,8H One Piece No Shared Holes",Gray,50-60 pounds
Volkl Vostra V6 Racquet,,100,645.16,27,68.58,10.2,289,13.38,33.99,1,301,68,24,26,23,Red Cell/Graphite,Low-Medium,Medium-Full,Medium-Fast,Volkl VSENSE Grip,16,19,"19 Crosses Mains skip: 8T,8H One Piece No Shared Holes",White,50-60 pounds
Volkl V-Cell V1 MP Racquet,,102,658.06,27,68.58,10.6,301,12.99,32.99,4,302,68,25,22,28,VCell/Graphite,Low-Medium,Medium-Full,Medium-Fast,Volkl Synthetic,16,19,"19 Crosses Mains skip: 8T,8H One Piece No Shared Holes",Grey,50-60 pounds
Volkl V-Cell 5 Racquet,,100,645.16,27,68.58,9.8,278,13.38,33.99,1,287,69,22.5,24.5,22.5,VCell/Graphite,Low-Medium,Medium-Full,Medium-Fast,Volkl Synthetic,16,18,"18 Crosses Mains skip: 8T,8H One Piece No Shared Holes",Blue,50-60 pounds
Volkl Vostra V3 Racquet,,110,709.68,27.8,70.61,10,283,13.65,34.67,2,311,67,28,27,26,Red Cell/Graphite,Medium-High,Compact-Medium,Slow-Moderate,Volkl VSENSE Grip,16,19,"19 Crosses Mains skip: 8T,8H One Piece No Shared Holes",Teal,46-60 pounds
Volkl V-Cell 2 Racquet,,115,741.93,27.6,70.1,10,283,14,35.56,2 pts HH,322,71,28,27,27,VCell/Graphite,Medium-High,Compact-Medium,Slow-Moderate,Volkl VSENSE Grip,16,19,"19 Crosses Mains skip: 8T,8H One Piece No Shared Holes",Silver,46-60 pounds
Volkl V1 Classic 2022 Racquet,,102,658.06,27,68.58,10.7,303,13.38,33.99,1,317,68,27,25,22,Graphite,Low-Medium,Medium-Full,Medium-Fast,Volkl Synthetic,16,19,"19 Crosses Mains skip: 8T,8H One Piece No Shared Holes",Grey/Black,50-60 pounds
Volkl V-Cell 7 Racquet,,104,670.97,27.3,69.34,10.9,309,13.38,33.99,2,322,71,23,25,23,V-Cell/Graphite,Medium,Medium,Medium,Volkl Synthetic Grip,16,19,"19 Crosses Mains skip: 8T,8H One Piece No Shared Holes",Black/White,50-60 pounds
Volkl V-Cell 8 315g Racquet,,100,645.16,27,68.58,11.5,326,12.59,31.98,7,315,66,22,24,22,V-Cell/Graphite,Low-Medium,Medium-Full,Medium-Fast,Volkl VSENSE Grip,16,18,"18 Crosses Mains skip: 8T,8H One Piece No Shared Holes",Red,50-60 pounds
Volkl Vostra V8 315g Racquet,,100,645.16,27,68.58,11.6,329,12.79,32.49,6,319,66,22,24,22,Red Cell/Graphite,Low-Medium,Medium-Full,Medium-Fast,Volkl VSENSE Grip,16,18,"18 Crosses Mains skip: 8T,8H One Piece No Shared Holes",Red,50-60 pounds
Volkl V8 Pro 2023 Racquet,,100,645.16,27,68.58,11.2,318,12.69,32.23,6,316,67,22,24,22,VCell/Graphite,Low,Full,Fast,Volkl VSENSE Grip,18,20,"20 Crosses Mains skip: 8T,10T,8H,10H Two Pieces No Shared Holes",Red,50-60 pounds
Volkl Vostra V10 320g Racquet,,98,632.26,27,68.58,11.9,337,12.59,31.98,7,327,65,20.5,22.5,20.5,Red Cell/Graphite,Low-Medium,Medium-Full,Medium-Fast,Volkl VSENSE Grip,16,19,"19 Crosses Mains skip: 8T,8H One Piece No Shared Holes",Black,50-60 pounds
Volkl C10 EVO Racquet,,98,632.26,27,68.58,11.4,323,12.99,32.99,4,319,63,20,20,20,Graphite,Low,Full,Fast,Volkl Synthetic,16,19,"19 Crosses Mains skip: 8T,8H One Piece No Shared Holes",Black/Yellow,50-60 pounds
Volkl V-Cell V1 OS Racquet,,110,709.68,27.6,70.1,10.5,298,13.2,33.53,5,310,68,26,23,29,VCell/Graphite,Medium-High,Compact-Medium,Medium-Fast,Volkl Synthetic,16,19,"19 Crosses Mains skip: 8T,8H One Piece No Shared Holes",Black,50-60 pounds
Volkl V-Cell 10 300g Racquet,,98,632.26,27,68.58,,,13.18,33.48,3,311,69,20.5,22.5,21,VCell/Graphite,Low-Medium,Medium-Full,Medium-Fast,Volkl VSENSE Grip,16,19,"19 Crosses Mains skip: 8T,8H One Piece No Shared Holes",Yellow,50-60 pounds
Volkl Vostra V8 300g Racquet,,100,645.16,27,68.58,11.2,318,12.85,32.64,5,323,67,22,24,22,Red Cell/Graphite,Low-Medium,Medium-Full,Medium-Fast,Volkl VSENSE Grip,16,18,"18 Crosses Mains skip: 8T,8H One Piece No Shared Holes",Red,50-60 pounds
Volkl Vostra V8 285g Racquet,,100,645.16,27,68.58,10.6,301,13.18,33.48,3,310,67,22,24,22,Red Cell/Graphite,Low-Medium,Medium-Full,Medium-Fast,Volkl VSENSE Grip,16,18,"18 Crosses Mains skip: 8T,8H One Piece No Shared Holes",Red,50-60 pounds
ProKennex Black Ace (315) Racquet,,100,645.16,27,68.58,11.8,335,12.59,31.98,7,332,56,21,21,21,Aurealian Carbon Graphite,Low,Full,Fast,ProKennex Synthetic,16,19,"19 Crosses Mains skip: 7T,9T,7H,9H One Piece No Shared Holes",Black/Red,50-65 pounds
ProKennex Black Ace 300 Racquet,,100,645.16,27,68.58,11.2,318,12.99,32.99,4,319,55,21,21,21,SpiralTech Graphite,Low-Medium,Medium-Full,Medium-Fast,ProKennex Synthetic,16,19,"19 Crosses Mains skip: 7T,9T,7H,9H One Piece No Shared Holes",Yellow/Black,50-65 pounds
ProKennex Black Ace 315 Racquet,,100,645.16,27,68.58,11.8,335,12.59,31.98,7,325,56,21,21,21,SpiralTech Graphite,Low,Full,Fast,ProKennex Synthetic,16,19,"19 Crosses Mains skip: 7T,9T,7H,9H One Piece No Shared Holes",Yellow/Black,50-65 pounds
ProKennex Black Ace 105 Racquet,,105,677.42,27.25,69.22,11.2,318,13,33.02,5,322,62,23.5,23.5,23.5,Aurealian Carbon Graphite,Low-Medium,Medium-Full,Medium-Fast,ProKennex Synthetic,16,19,"19 Crosses Mains skip: 7T,9T,7H,9H One Piece No Shared Holes",Black/Blue,50-65 pounds
ProKennex Kinetic Pro 5G Classic Racquet,,100,645.16,27,68.58,11.7,332,,,,318,65,,,,100% Ultra High Modulus Graphite with Kinetic System Technology,Low-Medium,Medium-Full,Medium-Fast,Perforated Cushion Grip,16,20,"20 Crosses Mains skip: 8T,8H One Piece No Shared Holes",Yellow/Black/White,50-65 pounds
ProKennex Ki Q+ Tour Pro 315 Racquet,,98,632.26,27,68.58,11.7,332,12.59,31.98,7,328,60,20.3,20.3,20.3,High Modulus Graphite/SpiralTech Carbon,Low,Full,Fast,ProKennex Synthetic,16,19,"19 Crosses Mains skip: 7T,9T,7H,9H One Piece No Shared Holes",Green/Black,50-65 pounds
ProKennex Ki Q+ 30 Racquet,,119,767.74,27.5,69.85,9.6,272,13.85,35.18,1 pts HH,321,72,28,28,28,High Modulus Graphite/Spiral Tech Carbon,High,Compact,Slow,ProKennex Synthetic,16,19,"19 Crosses Mains skip: 8T,8H Two Pieces Shared: 9T,9H",Red/Black,50-65 pounds
ProKennex Black Ace (300) Racquet,,100,645.16,27,68.58,11.2,318,12.99,32.99,4,324,55,21,21,21,Aurealian Carbon Graphite,Low-Medium,Medium-Full,Medium-Fast,ProKennex Synthetic,16,19,"19 Crosses Mains skip: 7T,9T,7H,9H One Piece No Shared Holes",Black/Red,50-65 pounds
ProKennex Black Ace Pro Racquet,,97,625.81,27,68.58,11.4,323,13,33.02,4,325,57,19.5,19.5,19.5,Aurealian Carbon Graphite,Low,Full,Fast,ProKennex Synthetic,16,19,"19 Crosses Mains skip: 7T,9T,7H,9H One Piece No Shared Holes",Black/Gray,50-65 pounds
ProKennex Ki 15 (300g) Racquet,,105,677.42,27.5,69.85,11.1,315,12.99,32.99,6,327,68,25,25,25,Spiral Tech Carbon Graphite,Medium,Medium,Medium,ProKennex Synthetic,16,19,"19 Crosses Mains skip: 7T,9T,8H One Piece No Shared Holes",Blue/White,50-65 pounds
ProKennex Ki Q+ Tour Racquet,,98,632.26,27,68.58,11.2,318,12.79,32.49,6,328,61,20.5,20.5,20.5,High Modulus Graphite/SpiralTech Carbon,Low,Full,Fast,ProKennex Synthetic,16,19,"19 Crosses Mains skip: 7T,9T,7H,9H One Piece No Shared Holes",Green/Black,50-65 pounds
ProKennex Ki Q+ 5 Pro Racquet,,100,645.16,27,68.58,11.7,332,12.59,31.98,7,334,67,21.5,21.5,21.5,High Modulus Graphite/SpiralTech Carbon,Low-Medium,Medium-Full,Medium-Fast,ProKennex Synthetic,16,20,"20 Crosses Mains skip: 8T,8H One Piece No Shared Holes",Yellow/Black,50-65 pounds
ProKennex Ki Q+ 15 Racquet,,105,677.42,27.5,69.85,10.6,301,13.09,33.25,5,328,72,26,26,26,High Modulus Graphite/SpiralTech Carbon,Medium,Medium,Medium,ProKennex Synthetic,16,19,"19 Crosses Mains skip: 7T,9T,7H,9H Two Pieces No Shared Holes",Blue/Black,50-65 pounds
ProKennex Kinetic Pro 7G Racquet,,100,645,27.5,70,11.7,332,,,,330,66,22,22,22,100% Ultra High Modulus Graphite with Kinetic System Technology,Low-Medium,Medium-Full,Moderate-Fast,Perforated Cushion Grip,16,20,"20 Crosses Mains skip: 8T,8H One Piece No Shared Holes",,50-65 pounds
ProKennex Ki 15 (260g) Racquet,,105,677.42,27.5,69.85,9.6,272,13.7,34.8,0 pts EB,320,70,25,24.5,23,SpiralTech Carbon Graphite,Medium,Medium,Medium-Fast,ProKennex Synthetic,16,19,"19 Crosses Mains skip: 7T,9T,8H One Piece No Shared Holes",Blue,50-65 pounds
ProKennex Ki 10 Racquet,,100,645.16,27,68.58,11.3,320,12.99,32.99,4,331,68,24,24,24,SpiralTech Carbon,Low-Medium,Medium-Full,Medium-Fast,ProKennex Synthetic,16,19,"19 Crosses Mains skip: 7T,9T,7H,9H Two Pieces No Shared Holes",White/Orange,50-65 pounds
ProKennex Ki 5 Racquet,,100,645.16,27,68.58,11,312,13.18,33.48,3,320,64,22,22,22,Spiral Tech Carbon Graphite,Low-Medium,Medium-Full,Medium-Fast,ProKennex Synthetic,16,20,20 Crosses Mains skip: Two Pieces No Shared Holes,Yellow,50-65 pounds
ProKennex Ki Q+ 15 Pro Racquet,,105,677.42,27.5,69.85,11.3,320,12.9,32.77,7,335,72,26,26,26,High Modulus Graphite/SpiralTech Carbon,Medium,Medium,Medium,ProKennex Synthetic,16,19,"19 Crosses Mains skip: 7T,9T,7H,9H Two Pieces No Shared Holes",Sky Blue/Black,50-65 pounds
ProKennex Black Ace (285) Racquet,,100,645.16,27,68.58,10.6,301,13.18,33.48,3,320,56,21,21,21,Aurealian Carbon Graphite,Low-Medium,Medium-Full,Medium-Fast,ProKennex Synthetic,16,19,"19 Crosses Mains skip: 7T,9T,7H,9H One Piece No Shared Holes",Black/Red,50-65 pounds
ProKennex Ki Q+ 5 Racquet,,100,645.16,27,68.58,11.1,315,13.18,33.48,3,329,65,21.5,21.5,21.5,High Modulus Graphite/SpiralTech Carbon,Low-Medium,Medium-Full,Medium-Fast,ProKennex Synthetic,16,20,"20 Crosses Mains skip: 8T,8H One Piece No Shared Holes",Yellow/Black,50-65 pounds
ProKennex Ki Q+ 5X Pro Racquet,,100,645.16,27.5,69.85,11.5,326,12.79,32.49,8,331,66,21.5,21.5,21.5,High Modulus Graphite/SpiralTech Carbon,Low-Medium,Medium-Full,Medium-Fast,ProKennex Synthetic,16,20,"20 Crosses Mains skip: 8T,8H One Piece No Shared Holes",Yellow/Black,50-65 pounds
ProKennex Ki Q+ 20 Racquet,,110,709.68,27.25,69.22,10.5,298,13,33.02,5,320,68,24,24,24,High Modulus Graphite/SpiralTech Carbon,Medium,Medium,Medium,ProKennex Synthetic,16,19,"19 Crosses Mains skip: 7T,9T,7H,9H Two Pieces No Shared Holes",Orange/Black,50-65 pounds
Solinco Whiteout 290 Racquet,,98,632.26,27,68.58,10.7,303,13.18,33.48,3,314,67,21.7,21.7,21.7,40T Carbon/Graphite,Low-Medium,Medium-Full,Medium-Fast,Solinco Synthetic,16,19,"19 Crosses Mains skip: 7T,9T,7H,9H Two Pieces No Shared Holes",White,50-60 pounds
Solinco Whiteout 305 XTD v2 Camo Racquet,,98,632.26,27.5,69.85,11.4,323,13,33.02,6,333,65,21.7,21.7,21.7,40T Carbon/Graphite,Low,Full,Fast,Solinco Synthetic,16,19,"19 Crosses Mains skip: 7T,9T,7H,9H Two Pieces No Shared Holes",White,
Solinco Blackout 285 Racquet,,100,645.16,27,68.58,10.6,301,13.38,33.99,1,315,70,23.5,26,23,40T Carbon/Graphite,Low-Medium,Medium-Full,Medium-Fast,Solinco Synthetic,16,19,"19 Crosses Mains skip: 7T,9T,7H,9H Two Pieces No Shared Holes",Black,50-60 pounds
Solinco Whiteout 305 Racquet,,98,632.26,27,68.58,11.4,323,13,33.02,4,327,66,21.7,21.7,21.7,40T Carbon/Graphite,Low,Full,Fast,Solinco Synthetic,16,19,"19 Crosses Mains skip: 7T,9T,7H,9H Two Pieces No Shared Holes",White,50-60 pounds
Solinco Whiteout 305 XTD+ Racquet,,98,632.26,28,71.12,11.4,323,13,33.02,8,345,64,21.7,21.7,21.7,40T Carbon/Graphite,Low,Full,Fast,Solinco Synthetic,16,19,"19 Crosses Mains skip: 7T,9T,7H,9H Two Pieces No Shared Holes",White,50-60 pounds
Solinco Whiteout 290 v2 Camo Racquet,,98,632.26,27,68.58,10.7,303,13.18,33.48,3,315,65,21.7,21.7,21.7,40T Carbon/Graphite,Low-Medium,Medium-Full,Medium-Fast,Solinco Synthetic,16,19,"19 Crosses Mains skip: 7T,9T,7H,9H Two Pieces No Shared Holes",White,
Solinco Blackout 300 XTD Racquet,,100,645.16,27.5,69.85,11.3,320,12.8,32.51,8,328,70,23.5,26,23,40T Carbon/Graphite,Low-Medium,Medium-Full,Medium-Fast,Solinco Synthetic,16,19,"19 Crosses Mains skip: 7T,9T,7H,9H Two Pieces No Shared Holes",Black,50-60 pounds
Solinco Whiteout 305 XTD Racquet,,98,632.26,27.5,69.85,11.4,323,13,33.02,6,333,67,21.7,21.7,21.7,40T Carbon/Graphite,Low,Full,Fast,Solinco Synthetic,16,19,"19 Crosses Mains skip: 7T,9T,7H,9H Two Pieces No Shared Holes",White,50-60 pounds
Solinco Whiteout 305 v2 Camo Racquet,,98,632.26,27,68.58,11.4,323,13,33.02,4,328,65,21.7,21.7,21.7,40T Carbon/Graphite,Low,Full,Fast,Solinco Synthetic,16,19,"19 Crosses Mains skip: 7T,9T,7H,9H Two Pieces No Shared Holes",White,
Solinco Whiteout 305 XTD 18x20 Racquet,,98,632.26,27.5,69.85,11.4,323,13,33.02,6,331,65,21.7,21.7,21.7,40T Carbon/Graphite,Low,Full,Fast,Solinco Synthetic,18,20,"20 Crosses Mains skip: 8T,10T,8H,10H Two Pieces No Shared Holes",White,50-60 pounds
Solinco Whiteout 305 18x20 Racquet,,98,632.26,27,68.58,11.4,323,13,33.02,4,324,66,21.7,21.7,21.7,40T Carbon/Graphite,Low,Full,Fast,Solinco Synthetic,18,20,"20 Crosses Mains skip: 8T,10T,8H,10H Two Pieces No Shared Holes",White,50-60 pounds
Solinco Blackout 300 XTD+ Racquet,,100,645.16,28,71.12,11.3,320,12.8,32.51,10,333,66,23.5,26,23,40T Carbon/Graphite,Low-Medium,Medium-Full,Medium-Fast,Solinco Synthetic,16,19,"19 Crosses Mains skip: 7T,9T,7H,9H Two Pieces No Shared Holes",Black,50-60 pounds
Solinco Blackout 300 Racquet,,100,645.16,27,68.58,11.3,320,12.8,32.51,6,316,71,23.5,26,23,40T Carbon/Graphite,Low-Medium,Medium-Full,Medium-Fast,Solinco Synthetic,16,19,"19 Crosses Mains skip: 7T,9T,7H,9H Two Pieces No Shared Holes",Black,50-60 pounds
Lacoste L23 Racquet,,100,645.16,27,68.58,11.1,315,12.9,32.77,5,318,69,23,25,23,Graphite,Low-Medium,Medium-Full,Medium-Fast,Lacoste Synthetic,16,19,"19 Crosses Mains skip: 7T,9T,7H,9H One Piece No Shared Holes",Green,51-55 pounds
Lacoste L23L Racquet,,100,645.16,27,68.58,10.2,289,13.4,34.04,1,310,,23,25,23,Graphite,Low-Medium,Medium-Full,Medium-Fast,Lacoste Synthetic,16,19,"19 Crosses Mains skip: 7T,9T,7H,9H One Piece No Shared Holes",Green,51-55 pounds
Lacoste L20 Racquet,,100,645.16,27,68.58,10.7,303,12.59,31.98,7,304,69,22.5,24,23.5,Graphite,Low-Medium,Medium-Full,Medium-Fast,Lacoste Synthetic,16,19,"19 Crosses Mains skip: 8T,8H One Piece No Shared Holes",Gray/Teal,51-55 pounds
